,Review-Url
0,https://www.gizbot.com//mobile/reviews/lg-v40-thinq-review-phone-audiophiles-creative-photographers-057899.html
1,https://www.gizbot.com//mobile/reviews/vivo-v15-pro-launched-at-rs-28-990-good-bad-the-x-factor-057767.html
2,https://www.gizbot.com//mobile/reviews/vivo-nex-2-dual-display-the-good-the-bad-the-x-factor-057611.html
3,https://www.gizbot.com//mobile/reviews/oppo-k1-first-impressions-display-selfie-camera-stands-out-057562.html
4,https://www.gizbot.com//mobile/reviews/samsung-galaxy-m20-review-057397.html
5,https://www.gizbot.com//mobile/reviews/samsung-galaxy-m10-review-big-on-display-battery-backup-057385.html
6,https://www.gizbot.com//mobile/reviews/honor-view-20-review-057307.html
7,https://www.gizbot.com//mobile/reviews/asus-rog-phone-review-more-than-flagship-smartphone-057178.html
8,https://www.gizbot.com//mobile/reviews/samsung-galaxy-m10-first-impressions-finally-budget-galaxy-smartphone-in-market-057164.html
9,https://www.gizbot.com//mobile/reviews/samsung-galaxy-m20-the-good-the-bad-the-x-factor-057163.html
10,https://www.gizbot.com//mobile/reviews/micromax-infinity-n12-review-056971.html
11,https://www.gizbot.com//mobile/reviews/asus-zenfone-max-m2-review-good-battery-life-and-stock-android-056892.html
12,https://www.gizbot.com//mobile/reviews/mobiistar-x1-notch-good-offering-the-budget-segment-056870.html
13,https://www.gizbot.com//mobile/reviews/honor-10-lite-review-good-at-almost-everything-056864.html
14,https://www.gizbot.com//mobile/reviews/huawei-y9-2019-the-good-the-bad-the-x-factor-056754.html
15,https://www.gizbot.com//mobile/reviews/honor-10-lite-first-impressions-strikingly-looking-budget-phone-with-latest-android-pie-056691.html
16,https://www.gizbot.com//mobile/reviews/asus-zenfone-max-pro-m2-review-most-feature-rich-spec-heavy-budget-056626.html
17,https://www.gizbot.com//mobile/reviews/meizu-m6t-review-potent-budget-smartphone-056563.html
18,https://www.gizbot.com//mobile/reviews/oppo-a7-review-tough-recommend-mid-range-price-point-056541.html
19,https://www.gizbot.com//mobile/reviews/oneplus-6t-mclaren-edition-review-056537.html
20,https://www.gizbot.com//mobile/reviews/nokia-7-1-review-impressive-design-fused-with-smooth-performance-056484.html
21,https://www.gizbot.com//mobile/reviews/huawei-collaborates-with-croma-kick-off-its-offline-strategy-056318.html
22,https://www.gizbot.com//mobile/reviews/nubia-red-magic-review-unorthodox-design-remarkable-performance-056267.html
23,https://www.gizbot.com//mobile/reviews/huawei-mate-20-pro-review-flagship-all-means-056179.html
24,https://www.gizbot.com//mobile/reviews/samsung-galaxy-a9-2018-review-056124.html
25,https://www.gizbot.com//mobile/reviews/nokia-8-1-first-impressions-beautiful-looking-phone-with-taste-of-android-9-pie-056088.html
26,https://www.gizbot.com//mobile/reviews/asus-zenfone-max-pro-m2-first-impressions-threat-xiaomi-redmi-note-6-pro-056064.html
27,https://www.gizbot.com//mobile/reviews/meizu-16th-the-good-the-bad-the-x-factor-055916.html
28,https://www.gizbot.com//mobile/reviews/oppo-r17-pro-first-impressions-insane-fast-charging-capable-camera-setup-055888.html
29,https://www.gizbot.com//mobile/reviews/infinix-note-5-stylus-review-affordable-stylus-phone-with-a-surprisingly-good-camera-055839.html
30,https://www.gizbot.com//mobile/reviews/honor-8c-first-impressions-design-battery-stands-out-055758.html
31,https://www.gizbot.com//mobile/reviews/realme-u1-review-taking-selfie-game-the-next-level-with-ai-capability-055717.html
32,https://www.gizbot.com//mobile/reviews/huawei-mate-20-pro-first-impressions-insane-camera-gorgeous-design-055707.html
33,https://www.gizbot.com//mobile/reviews/infinix-note-5-stylus-first-impressions-new-note-town-at-much-affordable-price-055677.html
34,https://www.gizbot.com//mobile/reviews/samsung-galaxy-a9-2018-the-good-the-bad-the-x-factor-055535.html
35,https://www.gizbot.com//mobile/reviews/nubia-red-magic-first-impression-gaming-centric-design-with-flagship-specifications-055519.html
36,https://www.gizbot.com//mobile/reviews/xiaomi-redmi-note-6-pro-first-impressions-improved-cameras-and-new-miui-10-ui-055456.html
37,https://www.gizbot.com//mobile/reviews/asus-zenfone-max-m1-review-decent-smartphone-budget-segment-055378.html
38,https://www.gizbot.com//mobile/reviews/nokia-3-1-plus-review-amazing-battery-life-with-the-goodness-of-stock-android-os-055241.html
39,https://www.gizbot.com//mobile/reviews/asus-zenfone-lite-l1-review-055234.html
40,https://www.gizbot.com//mobile/reviews/nokia-confirms-android-9-pie-update-nokia-3-nokia-5-nokia-6-smarphones-055040.html
41,https://www.gizbot.com//mobile/reviews/google-pixel-3-xl-review-best-camera-smartphone-the-year-2018-054970.html
42,https://www.gizbot.com//mobile/reviews/ivoomi-z1-review-affordable-4g-smartphone-with-ai-camera-054909.html
43,https://www.gizbot.com//mobile/reviews/realme-c1-review-price-specs-features-054903.html
44,https://www.gizbot.com//mobile/reviews/samsung-j6-review-appealing-design-underwhelming-performance-054819.html
45,https://www.gizbot.com//mobile/reviews/asus-zenfone-max-m1-first-impressions-hit-or-miss-054743.html
46,https://www.gizbot.com//mobile/reviews/vivo-v11-pro-review-sets-new-benchmark-the-mid-range-price-point-054692.html
47,https://www.gizbot.com//mobile/reviews/motorola-one-power-review-decent-mid-tier-smartphone-054687.html
48,https://www.gizbot.com//mobile/reviews/nokia-3-1-plus-first-impression-the-good-bad-the-x-factor-054566.html
49,https://www.gizbot.com//mobile/reviews/samsung-galaxy-a7-2018-review-054550.html
50,https://www.gizbot.com//mobile/reviews/ivoomi-z1-first-impression-the-good-bad-the-x-factor-054507.html
51,https://www.gizbot.com//mobile/reviews/panasonic-eluga-x1-pro-first-impressions-054430.html
52,https://www.gizbot.com//mobile/reviews/nokia-5-1-plus-review-premium-powerful-yet-an-affordable-smartphone-054327.html
53,https://www.gizbot.com//mobile/reviews/innelo-1-review-affordable-notch-phone-with-great-battery-life-054249.html
54,https://www.gizbot.com//mobile/reviews/realme-2-pro-review-054227.html
55,https://www.gizbot.com//mobile/reviews/samsung-galaxy-a7-2018-the-good-the-bad-the-x-factor-054171.html
56,https://www.gizbot.com//mobile/reviews/motorola-one-power-first-impressions-massive-battery-stock-android-ui-in-mid-range-054141.html
57,https://www.gizbot.com//mobile/reviews/nokia-5-1-plus-initial-impression-stylish-design-with-superior-build-quality-054131.html
58,https://www.gizbot.com//mobile/reviews/samsung-galaxy-note-9-review-everything-you-need-one-phone-054107.html
59,https://www.gizbot.com//mobile/reviews/itel-a45-budget-smartphone-top-features-054051.html
60,https://www.gizbot.com//mobile/reviews/oppo-f9-pro-review-eye-catching-design-with-an-impressive-display-054013.html
61,https://www.gizbot.com//mobile/reviews/easyfone-grand-review-perfect-feature-phone-senior-citizens-053919.html
62,https://www.gizbot.com//mobile/reviews/vivo-v11-pro-first-impressions-053669.html
63,https://www.gizbot.com//mobile/reviews/xiaomi-redmi-6-pro-first-impressions-big-battery-dedicated-microsd-card-slot-053636.html
64,https://www.gizbot.com//mobile/reviews/lg-g7-thinq-review-best-value-money-smartphone-sub-rs-40k-price-point-053610.html
65,https://www.gizbot.com//mobile/reviews/honor-7s-first-impressions-decent-budget-smartphone-053611.html
66,https://www.gizbot.com//mobile/reviews/samsung-galaxy-j2-core-first-impressions-strictly-basic-smartphone-usage-053571.html
67,https://www.gizbot.com//mobile/reviews/nokia-6-1-plus-review-stock-android-nokia-s-budding-trust-053549.html
68,https://www.gizbot.com//mobile/reviews/micromax-yu-ace-first-impressions-comeback-device-or-just-another-failed-attempt-053485.html
69,https://www.gizbot.com//mobile/reviews/comio-x1-review-design-price-specs-features-053446.html
70,https://www.gizbot.com//mobile/reviews/realme-2-first-impressions-notched-display-bigger-battery-and-bigger-battery-053435.html
71,https://www.gizbot.com//mobile/reviews/infinix-note-5-first-impressions-stock-android-ui-dedicated-microsd-card-storage-053292.html
72,https://www.gizbot.com//mobile/reviews/xiaomi-poco-f1-first-impressions-snapdragon-845-cpu-at-starting-price-of-rs-20999-053276.html
73,https://www.gizbot.com//mobile/reviews/oppo-f9-pro-first-impressions-design-camera-stands-out-053244.html
74,https://www.gizbot.com//mobile/reviews/nokia-6-1-plus-first-impressions-nokia-promising-hardware-and-stock-android-053222.html
75,https://www.gizbot.com//mobile/reviews/honor-9n-review-striking-design-feature-rich-camera-053152.html
76,https://www.gizbot.com//mobile/reviews/samsung-galaxy-note-9-first-impressions-053059.html
77,https://www.gizbot.com//mobile/reviews/xiaomi-mi-a2-review-best-in-class-camera-good-overall-performer-052932.html
78,https://www.gizbot.com//mobile/reviews/xiaomi-mi-a2-camera-review-052883.html
79,https://www.gizbot.com//mobile/reviews/lg-g7-thinq-first-impressions-most-feature-packed-flagship-smartphone-in-sub-rs-rs-40k-price-point-052803.html
80,https://www.gizbot.com//mobile/reviews/infinix-smart-2-first-impressions-dual-4g-volte-selfie-falsh-budget-price-point-052736.html
81,https://www.gizbot.com//mobile/reviews/honor-play-first-impressions-probably-an-affordable-huawei-nova-3-052670.html
82,https://www.gizbot.com//mobile/reviews/asus-zenfone-5z-review-the-perfect-multimedia-flagship-smartphone-052605.html
83,https://www.gizbot.com//mobile/reviews/asus-zenfone-max-pro-m1-6gb-ram-review-052598.html
84,https://www.gizbot.com//mobile/reviews/xiaomi-mi-a2-first-impressions-lots-improvements-some-noticeable-misses-052542.html
85,https://www.gizbot.com//mobile/reviews/huawei-nova-3-first-impressions-new-value-flagship-town-fight-oneplus-6-and-asus-zenfone-5z-052518.html
86,https://www.gizbot.com//mobile/reviews/alcatel-3v-review-budget-smartphone-with-2k-display-052489.html
87,https://www.gizbot.com//mobile/reviews/blackberry-key2-review-keyboards-are-here-stay-so-does-the-blackberry-052485.html
88,https://www.gizbot.com//mobile/reviews/asus-zenfone-max-pro-m1-6gb-ram-first-impressions-052478.html
89,https://www.gizbot.com//mobile/reviews/honor-9n-first-impressions-honor-9-lite-with-bigger-better-display-052460.html
90,https://www.gizbot.com//mobile/reviews/vivo-nex-first-impressions-first-true-flagship-smartphone-from-vivo-052340.html
91,https://www.gizbot.com//mobile/reviews/tecno-camon-iclick-review-20mp-front-facing-camera-is-the-highlight-052230.html
92,https://www.gizbot.com//mobile/reviews/oppo-find-x-first-impressions-extreme-innovation-comes-at-hefty-price-point-052170.html
93,https://www.gizbot.com//mobile/reviews/infinix-hot-6-pro-first-impressions-big-battery-18-9-aspect-ratio-display-052168.html
94,https://www.gizbot.com//mobile/reviews/asus-zenfone-5z-first-impressions-top-end-hardware-features-at-an-aggressive-price-point-051947.html
95,https://www.gizbot.com//mobile/reviews/ivoomi-i2-lite-review-051930.html
96,https://www.gizbot.com//mobile/reviews/oppo-realme-1-review-powerful-yet-affordable-smartphone-051792.html
97,https://www.gizbot.com//mobile/reviews/karbonn-frames-s9-review-051713.html
98,https://www.gizbot.com//mobile/reviews/comio-x1-note-review-price-051512.html
99,https://www.gizbot.com//mobile/reviews/xiaomi-redmi-y2-review-one-the-best-selfie-smartphone-budget-price-point-051410.html
100,https://www.gizbot.com//mobile/reviews/everything-about-exynos-snapdragon-051340.html
101,https://www.gizbot.com//mobile/reviews/honor-10-review-future-driven-ai-android-smartphone-with-an-excellent-camera-051296.html
102,https://www.gizbot.com//mobile/reviews/xiaomi-redmi-y2-first-impressions-promising-upgrade-the-redmi-y1-051221.html
103,https://www.gizbot.com//mobile/reviews/moto-g6-g6-play-first-impressions-premium-design-updated-camera-and-the-stock-android-ui-051126.html
104,https://www.gizbot.com//mobile/reviews/ivoomi-i2-smartphone-review-budget-smartphone-with-snappy-facial-recogntion-051114.html
