price,source_product_id,product_name,product_url,review_count,star_rating
$34.02,B00A6GDR8A,"Estee Lauder Double Wear Stay-in-Place Makeup 3N1 IVORY BEIGE,1oz/30ml",https://www.amazon.com/Estee-Lauder-Double-Place-Makeup/dp/B00A6GDR8A/ref=sr_1_1?qid=1556613030&refinements=p_89%3AEstee+Lauder&s=beauty-intl-ship&sr=1-1,526.0,4.3 out of 5 stars
$78.46,B00DZNZXJM,"ESTEE LAUDER Advanced Night Repair Recovery Complex Ii, 1.7 Ounce",https://www.amazon.com/LAUDER-Advanced-Repair-Recovery-Complex/dp/B00DZNZXJM/ref=sr_1_2?qid=1556613030&refinements=p_89%3AEstee+Lauder&s=beauty-intl-ship&sr=1-2,300.0,3.8 out of 5 stars
$23.19,B004H9V8SS,"Estee Lauder Sumptuous Extreme Lash Multiplying Volume Mascara for Women, No.01 Extreme Black, 0.27 Ounce",https://www.amazon.com/Estee-Lauder-Sumptuous-Extreme-Multiplying/dp/B004H9V8SS/ref=sr_1_3?qid=1556613030&refinements=p_89%3AEstee+Lauder&s=beauty-intl-ship&sr=1-3,87.0,4.3 out of 5 stars
,B00DQKUNH6,"Estee Lauder Perfectly Clean Multi-action Foam Cleanser/Purifying Mask, 5 Ounce",https://www.amazon.com/Estee-Lauder-Perfectly-Multi-action-Purifying/dp/B00DQKUNH6/ref=sr_1_4?qid=1556613030&refinements=p_89%3AEstee+Lauder&s=beauty-intl-ship&sr=1-4,185.0,4.7 out of 5 stars
$27.99,B006NQV8M4,Estee Lauder Double Wear Zero-Smudge Lengthening Mascara 01 Black,https://www.amazon.com/Estee-Lauder-Zero-Smudge-Lengthening-Mascara/dp/B006NQV8M4/ref=sr_1_5?qid=1556613030&refinements=p_89%3AEstee+Lauder&s=beauty-intl-ship&sr=1-5,91.0,4.2 out of 5 stars
$40.39,B006LMZK5Q,"Estee Lauder Resilience Lift Firming/Sculpting Face and Neck Creme SPF 15 Normal/Combination Skin, 1 oz",https://www.amazon.com/Estee-Lauder-Resilience-Firming-Sculpting/dp/B006LMZK5Q/ref=sr_1_6?qid=1556613030&refinements=p_89%3AEstee+Lauder&s=beauty-intl-ship&sr=1-6,31.0,4.0 out of 5 stars
$50.00,B006RVUVPA,"Estee Lauder Daywear Advanced Multi Protection Anti Oxidant Creme All Skin Types for Unisex, 1.7 Ounce",https://www.amazon.com/Estee-Lauder-Daywear-Advanced-Protection/dp/B006RVUVPA/ref=sr_1_7?qid=1556613030&refinements=p_89%3AEstee+Lauder&s=beauty-intl-ship&sr=1-7,67.0,4.2 out of 5 stars
$22.98,B00IA2Q7FC,"Estee Lauder Sumptuous Infinite Daring Length plus Volume Mascara, 0.21 Ounce",https://www.amazon.com/Estee-Lauder-Sumptuous-Infinite-Mascara/dp/B00IA2Q7FC/ref=sr_1_8?qid=1556613030&refinements=p_89%3AEstee+Lauder&s=beauty-intl-ship&sr=1-8,59.0,4.1 out of 5 stars
$66.50,B009Y6D0EO,"Estee Lauder Advanced Time Zone Night Age Reversing Line/Wrinkle Creme, 1.7 Ounce",https://www.amazon.com/Estee-Lauder-Advanced-Reversing-Wrinkle/dp/B009Y6D0EO/ref=sr_1_9?qid=1556613030&refinements=p_89%3AEstee+Lauder&s=beauty-intl-ship&sr=1-9,40.0,4.5 out of 5 stars
$38.00,B000VOPGO0,"Youth Dew By Estee Lauder For Women, Dusting Powder, 7-Ounces",https://www.amazon.com/Estee-Lauder-Dusting-Powder-7-Ounces/dp/B000VOPGO0/ref=sr_1_10?qid=1556613030&refinements=p_89%3AEstee+Lauder&s=beauty-intl-ship&sr=1-10,111.0,4.6 out of 5 stars
,B000JZ0WZO,Estee Lauder Soft Clean Moisture Rich Foaming Cleanser 125ml/4.2oz,https://www.amazon.com/Estee-Lauder-Moisture-Foaming-Cleanser/dp/B000JZ0WZO/ref=sr_1_11?qid=1556613030&refinements=p_89%3AEstee+Lauder&s=beauty-intl-ship&sr=1-11,91.0,4.4 out of 5 stars
$38.00,B001JZ1XK6,Double Wear Stay-In-Place Makeup SPF 10 - # 4 Pebble (3C2) - All Skin Types by Estee Lauder for Women - 1 oz Makeup,https://www.amazon.com/Double-Wear-Stay-Place-Makeup/dp/B001JZ1XK6/ref=sr_1_12?qid=1556613030&refinements=p_89%3AEstee+Lauder&s=beauty-intl-ship&sr=1-12,69.0,4.6 out of 5 stars
,B01GIA01CC,"Estee Lauder Revitalizing Supreme + Global Anti-Aging Cell Power Creme, 1.7 Ounce",https://www.amazon.com/Estee-Lauder-Revitalizing-Supreme-Anti-Aging/dp/B01GIA01CC/ref=sr_1_13?qid=1556613030&refinements=p_89%3AEstee+Lauder&s=beauty-intl-ship&sr=1-13,65.0,3.8 out of 5 stars
$41.90,B00BUSVIY8,"Estee Lauder Advanced Night Repair Synchronized Recovery Complex II Promo Size (Pack of 4, 7ml/0.24oz Each, 28ml/0.96oz Total)",https://www.amazon.com/Estee-Lauder-Advanced-Synchronized-Recovery/dp/B00BUSVIY8/ref=sr_1_14?qid=1556613030&refinements=p_89%3AEstee+Lauder&s=beauty-intl-ship&sr=1-14,160.0,4.2 out of 5 stars
$46.99,B0053SY5IC,Estee Lauder Daywear Advanced Multi-Protection Anti-Oxidant Creme Spf 15 - 1.7 Oz,https://www.amazon.com/Estee-Lauder-Advanced-Multi-Protection-Anti-Oxidant/dp/B0053SY5IC/ref=sr_1_15?qid=1556613030&refinements=p_89%3AEstee+Lauder&s=beauty-intl-ship&sr=1-15,21.0,4.1 out of 5 stars
$65.23,B00DYSL93C,"Estee Lauder Advanced Night Repair Eye Cream Synchronized Complex II, 0.5 Ounce",https://www.amazon.com/Estee-Lauder-Advanced-Synchronized-Complex/dp/B00DYSL93C/ref=sr_1_17?qid=1556613030&refinements=p_89%3AEstee+Lauder&s=beauty-intl-ship&sr=1-17,258.0,3.3 out of 5 stars
,B07DP8N6CH,"Estee Lauder Advanced Night Repair Eye Supercharged Complex, 0.5-oz.",https://www.amazon.com/Estee-Lauder-Advanced-Supercharged-Complex/dp/B07DP8N6CH/ref=sr_1_18?qid=1556613030&refinements=p_89%3AEstee+Lauder&s=beauty-intl-ship&sr=1-18,14.0,3.8 out of 5 stars
$27.80,B000JIK5JO,Estee Lauder Youth Dew Roll-On Deodorant - 75ml/2.5oz,https://www.amazon.com/Estee-Lauder-Youth-Roll-Deodorant/dp/B000JIK5JO/ref=sr_1_19?qid=1556613030&refinements=p_89%3AEstee+Lauder&s=beauty-intl-ship&sr=1-19,39.0,4.2 out of 5 stars
$19.95,B00BYFGP1I,"Estee Lauder Sumptuous Extreme Lash Multiplying Volume Mascara #01 Extreme Black 2.8 ml Travel Size (pack of 3, 0.3 oz / 8.4 ml total)",https://www.amazon.com/Estee-Lauder-Sumptuous-Extreme-Multiplying/dp/B00BYFGP1I/ref=sr_1_20?qid=1556613030&refinements=p_89%3AEstee+Lauder&s=beauty-intl-ship&sr=1-20,52.0,3.7 out of 5 stars
$106.75,B005N03CTS,Estee Lauder Resilience Lift Firming/Sculpting Face and Neck Creme Broad Spectrum SPF 15 for Normal / Combination Skin 1.7 oz,https://www.amazon.com/Estee-Lauder-Resilience-Sculpting-Combination/dp/B005N03CTS/ref=sr_1_21?qid=1556613030&refinements=p_89%3AEstee+Lauder&s=beauty-intl-ship&sr=1-21,65.0,4.3 out of 5 stars
$24.99,B01AGDVC3Y,"Estee Lauder Sumptuous Knockout Defining Lift and Fan Mascara, No. 01 Black, 0.21 Ounce",https://www.amazon.com/Estee-Lauder-Sumptuous-Knockout-Defining/dp/B01AGDVC3Y/ref=sr_1_22?qid=1556613030&refinements=p_89%3AEstee+Lauder&s=beauty-intl-ship&sr=1-22,23.0,3.9 out of 5 stars
$13.50,B00GX8TSWE,Estee Lauder Advanced Night Repair Eye --5ml,https://www.amazon.com/Estee-Lauder-Advanced-Night-Repair/dp/B00GX8TSWE/ref=sr_1_23?qid=1556613030&refinements=p_89%3AEstee+Lauder&s=beauty-intl-ship&sr=1-23,7.0,3.5 out of 5 stars
$16.85,B005IDTVC2,"Estee Lauder Resilience Multi-Effect Tri-Peptide Face and Neck Creme, 0.5 oz / 15ml, Travel Size Unboxed",https://www.amazon.com/Estee-Lauder-Resilience-Sculpting-Combination/dp/B005IDTVC2/ref=sr_1_24?qid=1556613030&refinements=p_89%3AEstee+Lauder&s=beauty-intl-ship&sr=1-24,257.0,4.1 out of 5 stars
$25.79,B000O540FW,"Perfectly Clean Multi-Action Foam Cleanser/Purifying Mask, 5 Ounce",https://www.amazon.com/Perfectly-Clean-Multi-Action-Cleanser-Purifying/dp/B000O540FW/ref=sr_1_25?qid=1556613037&refinements=p_89%3AEstee+Lauder&s=beauty-intl-ship&sr=1-25,60.0,4.3 out of 5 stars
$40.99,B000WIGQL2,"Estee Lauder Double Wear Stay-in-Place Makeup Spf 10 for Women, Shell Beige, 1 Ounce",https://www.amazon.com/Estee-Lauder-Double-Place-Makeup/dp/B000WIGQL2/ref=sr_1_26?qid=1556613037&refinements=p_89%3AEstee+Lauder&s=beauty-intl-ship&sr=1-26,28.0,4.6 out of 5 stars
$58.66,B009SYVX3M,"Estee Lauder Advanced Time Zone Age Reversing Line Wrinkle Creme, 1.7 Ounce",https://www.amazon.com/Estee-Lauder-Advanced-Reversing-Wrinkle/dp/B009SYVX3M/ref=sr_1_27?qid=1556613037&refinements=p_89%3AEstee+Lauder&s=beauty-intl-ship&sr=1-27,29.0,3.3 out of 5 stars
$56.99,B07212J1F2,Estee Lauder Advanced Night Repair Eye Concentrate Matrix 15ml/0.5oz,https://www.amazon.com/Estee-Lauder-Advanced-Repair-Concentrate/dp/B07212J1F2/ref=sr_1_28?qid=1556613037&refinements=p_89%3AEstee+Lauder&s=beauty-intl-ship&sr=1-28,8.0,3.5 out of 5 stars
$44.00,B0051SYN9A,"Estee Lauder Hydrationist Maximum Moisture Creme Normal/Combination Skin for Unisex, 1.7 Ounce",https://www.amazon.com/Estee-Lauder-Hydrationist-Moisture-Combination/dp/B0051SYN9A/ref=sr_1_29?qid=1556613037&refinements=p_89%3AEstee+Lauder&s=beauty-intl-ship&sr=1-29,39.0,4.0 out of 5 stars
$39.49,B00FGW98LE,"Estee Lauder Resilience Multi-Effect Night Tri-Peptide Face and Neck Creme, 1 oz / 30 ml, Full Size",https://www.amazon.com/Estee-Lauder-Resilience-Firming-Sculpting/dp/B00FGW98LE/ref=sr_1_30?qid=1556613037&refinements=p_89%3AEstee+Lauder&s=beauty-intl-ship&sr=1-30,6.0,5.0 out of 5 stars
$29.99,B00AZGHFHU,Estee Lauder Sumptuous Extreme Lash Multiplying Volume Mascara - # 01 Extreme Black - 8ml/0.27oz,https://www.amazon.com/miliLTR-0-27ounce-Sumptuous-Extreme-Multiplying/dp/B00AZGHFHU/ref=sr_1_31?qid=1556613037&refinements=p_89%3AEstee+Lauder&s=beauty-intl-ship&sr=1-31,33.0,3.7 out of 5 stars
$19.95,B001CRX0NO,"Estee Lauder Sumptuous Bold Volume Lifting Mascara Black for Women, 0.21 Ounce",https://www.amazon.com/Estee-Lauder-Sumptuous-Lifting-Mascara/dp/B001CRX0NO/ref=sr_1_32?qid=1556613037&refinements=p_89%3AEstee+Lauder&s=beauty-intl-ship&sr=1-32,72.0,3.5 out of 5 stars
$85.99,B0017OLMVE,"Estee Lauder Idealist Pore Minimizing Skin Refinisher, 1.7 Ounce",https://www.amazon.com/Estee-Lauder-Idealist-Minimizing-Refinisher/dp/B0017OLMVE/ref=sr_1_33?qid=1556613037&refinements=p_89%3AEstee+Lauder&s=beauty-intl-ship&sr=1-33,65.0,3.4 out of 5 stars
,B01AYB72DC,"Estee Lauder Women's Nightwear Plus Anti-Oxidant Night Detox Creme, All Skin Types, 1.7 Ounce",https://www.amazon.com/Estee-Lauder-Womens-Nightwear-Anti-Oxidant/dp/B01AYB72DC/ref=sr_1_34?qid=1556613037&refinements=p_89%3AEstee+Lauder&s=beauty-intl-ship&sr=1-34,18.0,3.8 out of 5 stars
$59.98,B00E5Q9OWK,Estee Lauder Daywear Multi Protection Anti-Oxidant 24H Moisture SPF 25 Creme Oil-Free 1.7 oz,https://www.amazon.com/Estee-Lauder-Protection-Anti-Oxidant-Moisture/dp/B00E5Q9OWK/ref=sr_1_35?qid=1556613037&refinements=p_89%3AEstee+Lauder&s=beauty-intl-ship&sr=1-35,5.0,5.0 out of 5 stars
$85.00,B06WW3D1YL,"Estee Lauder Revitalizing Supreme + Global Anti-Aging Cell Power Creme, 2.5 Ounce",https://www.amazon.com/Estee-Lauder-Revitalizing-Supreme-Anti-Aging/dp/B06WW3D1YL/ref=sr_1_36?qid=1556613037&refinements=p_89%3AEstee+Lauder&s=beauty-intl-ship&sr=1-36,3.0,5.0 out of 5 stars
$44.00,B017NJ8XHW,"Lot of 2 x Estee Lauder Resilience Multi-Effect Tri-Peptide Face and Neck Creme SPF 15, 0.5 oz / 15ml each, Travel Size Unboxed",https://www.amazon.com/Estee-Lauder-Resilience-Firming-sculpting/dp/B017NJ8XHW/ref=sr_1_37?qid=1556613037&refinements=p_89%3AEstee+Lauder&s=beauty-intl-ship&sr=1-37,53.0,4.1 out of 5 stars
$36.00,B00E5Q95FG,Estee Lauder Double Wear Stay-in-Place Flawless Wear Concealer 2W Light Medium (Warm),https://www.amazon.com/Estee-Lauder-Double-Flawless-Concealer/dp/B00E5Q95FG/ref=sr_1_38?qid=1556613037&refinements=p_89%3AEstee+Lauder&s=beauty-intl-ship&sr=1-38,14.0,4.2 out of 5 stars
$35.66,B00NIQK5ZS,"Estee Lauder Perfectionist Youth-Infusing Makeup Spf 25, Fresco, 1 Ounce",https://www.amazon.com/Estee-Lauder-Perfectionist-Youth-Infusing-Makeup/dp/B00NIQK5ZS/ref=sr_1_39?qid=1556613037&refinements=p_89%3AEstee+Lauder&s=beauty-intl-ship&sr=1-39,52.0,4.3 out of 5 stars
$28.00,B004QFAYDI,Lot of 2 x 0.24 oz / 7 ml Estee Lauder Advanced Night Repair Synchronized Recovery Complex * BRAND NEW*,https://www.amazon.com/Estee-Lauder-Advanced-Synchronized-Recovery/dp/B004QFAYDI/ref=sr_1_40?qid=1556613037&refinements=p_89%3AEstee+Lauder&s=beauty-intl-ship&sr=1-40,6.0,3.6 out of 5 stars
$27.00,B00AIY772C,Estee Lauder Cleanser 3.4 Oz Gentle Eye Makeup Remover For Women,https://www.amazon.com/Estee-Lauder-Cleanser-Gentle-Remover/dp/B00AIY772C/ref=sr_1_41?qid=1556613037&refinements=p_89%3AEstee+Lauder&s=beauty-intl-ship&sr=1-41,11.0,4.1 out of 5 stars
$29.00,B003TT46WW,Estee Lauder All Day Lipstick - No. 39 Frosted Apricot - 3.8g/0.13oz,https://www.amazon.com/Estee-Lauder-All-Day-Lipstick/dp/B003TT46WW/ref=sr_1_42?qid=1556613037&refinements=p_89%3AEstee+Lauder&s=beauty-intl-ship&sr=1-42,12.0,3.8 out of 5 stars
$47.99,B004FWCJAI,"Estee Lauder Double Wear Maximum SPF 15 Cover Camouflage Makeup, 2C5 Creamy TAN , 1 Ounce",https://www.amazon.com/Estee-Lauder-Maximum-Camouflage-Makeup/dp/B004FWCJAI/ref=sr_1_43?qid=1556613037&refinements=p_89%3AEstee+Lauder&s=beauty-intl-ship&sr=1-43,85.0,4.5 out of 5 stars
,B0028IL7U4,"Estee Lauder Double Wear Stay-in-Place Eye Pencil Onyx for Women, 0.04 Ounce",https://www.amazon.com/Estee-Lauder-Double-Place-Pencil/dp/B0028IL7U4/ref=sr_1_44?qid=1556613037&refinements=p_89%3AEstee+Lauder&s=beauty-intl-ship&sr=1-44,35.0,4.0 out of 5 stars
$25.98,B00CAUJGRG,"Estee Lauder Perfectly Clean Multi-Action Creme Cleanser/Moisture Mask, 5.0 Ounce",https://www.amazon.com/Estee-Lauder-Perfectly-Multi-Action-Cleanser/dp/B00CAUJGRG/ref=sr_1_45?qid=1556613037&refinements=p_89%3AEstee+Lauder&s=beauty-intl-ship&sr=1-45,58.0,3.1 out of 5 stars
$29.99,B00682MUKW,"Estee Lauder Daywear Advanced Multi-Protection SPF 15 Anti-Oxidant Creme for Unisex Normal/Combination Skin, 1 Ounce",https://www.amazon.com/Estee-Lauder-Multi-Protection-Anti-Oxidant-Combination/dp/B00682MUKW/ref=sr_1_46?qid=1556613037&refinements=p_89%3AEstee+Lauder&s=beauty-intl-ship&sr=1-46,4.0,4.3 out of 5 stars
$26.00,B000WIIM1O,Estee Lauder Lash Primer Plus Full treatment Formula - 5 ml,https://www.amazon.com/Estee-Lauder-Lash-Primer-0-17oz/dp/B000WIIM1O/ref=sr_1_47?qid=1556613037&refinements=p_89%3AEstee+Lauder&s=beauty-intl-ship&sr=1-47,48.0,3.7 out of 5 stars
$60.00,B00ONF8VUE,Estee Lauder DayWear BB Aniti-Oxidant Beauty Benefit Creme SPF35 1.5 Light/Medium,https://www.amazon.com/Estee-Lauder-DayWear-Aniti-Oxidant-Benefit/dp/B00ONF8VUE/ref=sr_1_48?qid=1556613037&refinements=p_89%3AEstee+Lauder&s=beauty-intl-ship&sr=1-48,13.0,3.9 out of 5 stars
$11.25,B005JOP02A,Estee Lauder Advanced Night Repair .17 oz / 5 ml Travel Size Eye Synchronized Complex,https://www.amazon.com/Estee-Lauder-Advanced-Synchronized-Complex/dp/B005JOP02A/ref=sr_1_49?qid=1556613045&refinements=p_89%3AEstee+Lauder&s=beauty-intl-ship&sr=1-49,20.0,4.2 out of 5 stars
$32.71,B018URIX8A,"Estee Lauder Double Wear Infinite Women's Waterproof Eyeliner, Espresso, 0.01 Ounce",https://www.amazon.com/Estee-Lauder-Infinite-Waterproof-Eyeliner/dp/B018URIX8A/ref=sr_1_50?qid=1556613045&refinements=p_89%3AEstee+Lauder&s=beauty-intl-ship&sr=1-50,15.0,3.8 out of 5 stars
$42.90,B00D67UI2Y,Estee Lauder New Double Wear Stay In Place Powder Makeup SPF10 - No. 07 Ivory Beige (3N1) 12g/0.42oz,https://www.amazon.com/Estee-Lauder-Double-Powder-Makeup/dp/B00D67UI2Y/ref=sr_1_51?qid=1556613045&refinements=p_89%3AEstee+Lauder&s=beauty-intl-ship&sr=1-51,33.0,4.3 out of 5 stars
$37.99,B00GSGZP50,"Estee Lauder Double Wear Stay-In-Place Flawless Concealer SPF 10, No. 1C Light/Cool, 0.24 Ounce",https://www.amazon.com/Estee-Lauder-Double-Flawless-Concealer/dp/B00GSGZP50/ref=sr_1_52?qid=1556613045&refinements=p_89%3AEstee+Lauder&s=beauty-intl-ship&sr=1-52,8.0,3.6 out of 5 stars
$52.87,B005N03E8M,"Estee Lauder Resilience Lift Firming/Sculpting Eye Cream for Unisex, 0.5 Ounce",https://www.amazon.com/Estee-Lauder-Resilience-Firming-Sculpting/dp/B005N03E8M/ref=sr_1_53?qid=1556613045&refinements=p_89%3AEstee+Lauder&s=beauty-intl-ship&sr=1-53,26.0,4.1 out of 5 stars
$31.51,B007HM2D6S,"Estee Lauder Matte Perfecting Primer Normal/Combination Skin and Oily Skin for Women, 1.0 Ounce",https://www.amazon.com/Estee-Lauder-Perfecting-Primer-Combination/dp/B007HM2D6S/ref=sr_1_54?qid=1556613045&refinements=p_89%3AEstee+Lauder&s=beauty-intl-ship&sr=1-54,22.0,4.0 out of 5 stars
$27.00,B007HM2NPE,"Estee Lauder Illuminating Perfecting Primer Normal/Combination and Dry Skin for Women, 1.0 Ounce",https://www.amazon.com/Estee-Lauder-Illuminating-Perfecting-Combination/dp/B007HM2NPE/ref=sr_1_55?qid=1556613045&refinements=p_89%3AEstee+Lauder&s=beauty-intl-ship&sr=1-55,35.0,3.9 out of 5 stars
$53.75,B00B7E558K,"Estee Lauder Advanced Night Repair Eye Serum with Synchronized Complex II, 0.5 Ounce",https://www.amazon.com/Estee-Lauder-Advanced-Synchronized-Complex/dp/B00B7E558K/ref=sr_1_56?qid=1556613045&refinements=p_89%3AEstee+Lauder&s=beauty-intl-ship&sr=1-56,26.0,3.2 out of 5 stars
,B004OFI54K,"Estee Lauder Daywear Multi Protection Anti Oxidant Creme SPF 15 for Unisex, 1.7 Ounce",https://www.amazon.com/Estee-Lauder-Daywear-Protection-Oxidant/dp/B004OFI54K/ref=sr_1_57?qid=1556613045&refinements=p_89%3AEstee+Lauder&s=beauty-intl-ship&sr=1-57,88.0,4.4 out of 5 stars
$38.00,B00B5QWGIW,"Estee Lauder Double Wear Stay-in-Place Makeup SPF 10 for All Skin Types, No. 4n2 Spiced Sand, 1 Ounce",https://www.amazon.com/Estee-Lauder-Double-Place-Makeup/dp/B00B5QWGIW/ref=sr_1_58?qid=1556613045&refinements=p_89%3AEstee+Lauder&s=beauty-intl-ship&sr=1-58,29.0,4.4 out of 5 stars
$42.98,B001J7L93K,Estee Lauder Soft Clean Silky Hydrating Lotion 400ml/13.5oz,https://www.amazon.com/Estee-Lauder-Hydrating-Lotion-13-5oz/dp/B001J7L93K/ref=sr_1_59?qid=1556613045&refinements=p_89%3AEstee+Lauder&s=beauty-intl-ship&sr=1-59,17.0,3.5 out of 5 stars
$27.72,B01EB1HQ2I,"Estee Lauder Advanced Night Micro Cleansing Foam, 3.4 Ounce",https://www.amazon.com/Estee-Lauder-Advanced-Night-Cleansing/dp/B01EB1HQ2I/ref=sr_1_60?qid=1556613045&refinements=p_89%3AEstee+Lauder&s=beauty-intl-ship&sr=1-60,13.0,3.5 out of 5 stars
$25.00,B00UBW93OG,"Estee Lauder Little Primer, No. 01 Black, 0.21 Ounce",https://www.amazon.com/Estee-Lauder-Little-Primer-Black/dp/B00UBW93OG/ref=sr_1_61?qid=1556613045&refinements=p_89%3AEstee+Lauder&s=beauty-intl-ship&sr=1-61,10.0,3.8 out of 5 stars
$28.96,B078MQG6X5,,https://www.amazon.com/Double-Maximum-Camouflage-Makeup-Spectrum/dp/B078MQG6X5/ref=sr_1_62?qid=1556613045&refinements=p_89%3AEstee+Lauder&s=beauty-intl-ship&sr=1-62,2.0,5.0 out of 5 stars
$31.97,B01M8HGF3A,"Estee Lauder The Brow Multi-tasker - 02 Light Brunette By Estee Lauder - 0.008 Oz Eyebrow Pencil, 0.018 Ounce",https://www.amazon.com/Estee-Lauder-Brow-Multi-tasker-Brunette/dp/B01M8HGF3A/ref=sr_1_63?qid=1556613045&refinements=p_89%3AEstee+Lauder&s=beauty-intl-ship&sr=1-63,3.0,5.0 out of 5 stars
,B0006LJDXI,"Estee Lauder Double Matte Oil-Control Pressed Powder Women, 02 Light Medium, 0.49 Ounce",https://www.amazon.com/Estee-Lauder-Double-Oil-Control-Pressed/dp/B0006LJDXI/ref=sr_1_64?qid=1556613045&refinements=p_89%3AEstee+Lauder&s=beauty-intl-ship&sr=1-64,21.0,4.9 out of 5 stars
$56.10,B072178S9D,Estee Lauder Revitalizing Supreme + Global Anti-Aging Cell Power Eye Balm 15ml/0.5oz,https://www.amazon.com/Estee-Lauder-Revitalizing-Supreme-Anti-Aging/dp/B072178S9D/ref=sr_1_65?qid=1556613045&refinements=p_89%3AEstee+Lauder&s=beauty-intl-ship&sr=1-65,4.0,5.0 out of 5 stars
$37.99,B078PLZN7G,,https://www.amazon.com/Estee-Lauder-Double-Maximum-Camouflage/dp/B078PLZN7G/ref=sr_1_66?qid=1556613045&refinements=p_89%3AEstee+Lauder&s=beauty-intl-ship&sr=1-66,5.0,4.7 out of 5 stars
$30.00,B00RMXTSOM,"Estee Lauder Advanced Night Repair Eye Synchronized Complex II 15 ml/0.5 oz (Jar of 3, 5 ml/0.17 oz each)",https://www.amazon.com/Estee-Lauder-Advanced-Synchronized-Complex/dp/B00RMXTSOM/ref=sr_1_67?qid=1556613045&refinements=p_89%3AEstee+Lauder&s=beauty-intl-ship&sr=1-67,29.0,3.7 out of 5 stars
$40.00,B079LBNTY8,,https://www.amazon.com/Lauder-Double-Maximum-Camouflage-Makeup/dp/B079LBNTY8/ref=sr_1_68?qid=1556613045&refinements=p_89%3AEstee+Lauder&s=beauty-intl-ship&sr=1-68,4.0,5.0 out of 5 stars
$63.99,B00X8S4GQ0,"Estee Lauder Nutritious Vitality8 Radiant Moisture Creme, 1.7 Ounce",https://www.amazon.com/Estee-Lauder-Nutritious-Vitality8-Moisture/dp/B00X8S4GQ0/ref=sr_1_69?qid=1556613045&refinements=p_89%3AEstee+Lauder&s=beauty-intl-ship&sr=1-69,10.0,4.7 out of 5 stars
$34.95,B00D14PHNW,Lot of 3 x 1 oz Estee Lauder Perfectly Clean Splash Away Foaming Cleanser,https://www.amazon.com/Estee-Lauder-Perfectly-Foaming-Cleanser/dp/B00D14PHNW/ref=sr_1_70?qid=1556613045&refinements=p_89%3AEstee+Lauder&s=beauty-intl-ship&sr=1-70,65.0,4.2 out of 5 stars
$48.97,B008N0DF10,Estee Lauder DayWear Multi-Protection Anti-Oxidant 24H-Moisture Creme SPF 15 (Dry Skin) 1.7 Ounce,https://www.amazon.com/Estee-Lauder-Multi-Protection-Anti-Oxidant-24H-Moisture/dp/B008N0DF10/ref=sr_1_71?qid=1556613045&refinements=p_89%3AEstee+Lauder&s=beauty-intl-ship&sr=1-71,1.0,5.0 out of 5 stars
$32.00,B00B9G50NQ,"Estee Lauder Pure Color Envy Sculpting Lipstick, Rebellious Rose, 0.12 Ounce",https://www.amazon.com/Estee-Lauder-Sculpting-Lipstick-Rebellious/dp/B00B9G50NQ/ref=sr_1_72?qid=1556613045&refinements=p_89%3AEstee+Lauder&s=beauty-intl-ship&sr=1-72,10.0,3.9 out of 5 stars
$36.98,B00OPK4XW2,"Estee Lauder Enlighten Even Skintone Correcting Creme for Unisex, 1.7 Ounce",https://www.amazon.com/Estee-Lauder-Enlighten-Skintone-Correcting/dp/B00OPK4XW2/ref=sr_1_76?qid=1556613053&refinements=p_89%3AEstee+Lauder&s=beauty-intl-ship&sr=1-76,9.0,4.0 out of 5 stars
$45.98,B00J8R0O3E,"Estee Lauder Perfecting Loose Powder, Light Medium, 0.35 Ounce",https://www.amazon.com/Estee-Lauder-Perfecting-Powder-Medium/dp/B00J8R0O3E/ref=sr_1_77?qid=1556613053&refinements=p_89%3AEstee+Lauder&s=beauty-intl-ship&sr=1-77,16.0,4.2 out of 5 stars
$37.99,B005QCT3OQ,"Estee Lauder Double Wear Stay-in-Place Flawless Wear Concealer, 3C Medium",https://www.amazon.com/Estee-Lauder-Double-Flawless-Concealer/dp/B005QCT3OQ/ref=sr_1_78?qid=1556613053&refinements=p_89%3AEstee+Lauder&s=beauty-intl-ship&sr=1-78,22.0,4.1 out of 5 stars
$13.03,B01KYS4HXS,"Estee Lauder Pure Colour Envy Shimmer Gloss Number 420, Reckless Bloom 4.6ml by Estee Lauder",https://www.amazon.com/Estee-Lauder-Colour-Shimmer-Reckless/dp/B01KYS4HXS/ref=sr_1_79?qid=1556613053&refinements=p_89%3AEstee+Lauder&s=beauty-intl-ship&sr=1-79,2.0,5.0 out of 5 stars
$43.24,B01GIA181U,"Estee Lauder Revitalizing Supreme Plus Global Anti-aging Creme for Women, 1 Ounce",https://www.amazon.com/Estee-Lauder-Revitalizing-Supreme-Anti-aging/dp/B01GIA181U/ref=sr_1_80?qid=1556613053&refinements=p_89%3AEstee+Lauder&s=beauty-intl-ship&sr=1-80,32.0,4.0 out of 5 stars
$28.00,B00C3NBDH6,Estee Lauder Sumptuous Bold Volume Lifting Mascara 01 Black 0.1oz/2.8ml*4,https://www.amazon.com/Estee-Lauder-Sumptuous-Lifting-Mascara/dp/B00C3NBDH6/ref=sr_1_81?qid=1556613053&refinements=p_89%3AEstee+Lauder&s=beauty-intl-ship&sr=1-81,94.0,4.4 out of 5 stars
$57.80,B00I6E7XHU,"Estee Lauder Bronze Goddess Powder Bronzer, No. 02 Medium, 0.74 Ounce",https://www.amazon.com/Estee-Lauder-Bronze-Goddess-Bronzer/dp/B00I6E7XHU/ref=sr_1_82?qid=1556613053&refinements=p_89%3AEstee+Lauder&s=beauty-intl-ship&sr=1-82,25.0,4.7 out of 5 stars
$25.00,B013HA4DFC,"Estee Lauder Lisa Perry Pure Color Long Lasting Lipstick, Candy Shimmer #16",https://www.amazon.com/Estee-Lauder-Lasting-Lipstick-Shimmer/dp/B013HA4DFC/ref=sr_1_83?qid=1556613053&refinements=p_89%3AEstee+Lauder&s=beauty-intl-ship&sr=1-83,14.0,4.2 out of 5 stars
$45.94,B00CAUJF1S,"Estee Lauder Daywear Advanced Multi-Protection Anti-Oxidant and UV Defense Lotion, 1 Ounce",https://www.amazon.com/Estee-Lauder-Advanced-Multi-Protection-Anti-Oxidant/dp/B00CAUJF1S/ref=sr_1_84?qid=1556613053&refinements=p_89%3AEstee+Lauder&s=beauty-intl-ship&sr=1-84,12.0,3.9 out of 5 stars
$24.60,B072MMSGP3,Estee Lauder Pure Color Envy Lash Multi Effects Mascara - # 01 Black 6ml/0.21oz,https://www.amazon.com/Estee-Lauder-Color-Effects-Mascara/dp/B072MMSGP3/ref=sr_1_85?qid=1556613053&refinements=p_89%3AEstee+Lauder&s=beauty-intl-ship&sr=1-85,3.0,4.3 out of 5 stars
$43.08,B01D9A7BLS,"Estee Lauder Advanced Night Micro Cleansing Balm, 2.2 Ounce",https://www.amazon.com/Estee-Lauder-Advanced-Night-Cleansing/dp/B01D9A7BLS/ref=sr_1_86?qid=1556613053&refinements=p_89%3AEstee+Lauder&s=beauty-intl-ship&sr=1-86,7.0,5.0 out of 5 stars
$84.95,B00FTZLWKI,"Estee Lauder Resilience Spf 15 Lift Firming/Sculpting Face and Neck Lotion, 1.7 Ounce",https://www.amazon.com/Estee-Lauder-Resilience-Firming-Sculpting/dp/B00FTZLWKI/ref=sr_1_87?qid=1556613053&refinements=p_89%3AEstee+Lauder&s=beauty-intl-ship&sr=1-87,5.0,5.0 out of 5 stars
$39.99,B07BKPD9JK,estee Lauder Resilience Lift Extreme Ultra Firming Eye Creme .34 Oz/10ml Unbox,https://www.amazon.com/estee-Lauder-Resilience-Extreme-Firming/dp/B07BKPD9JK/ref=sr_1_88?qid=1556613053&refinements=p_89%3AEstee+Lauder&s=beauty-intl-ship&sr=1-88,13.0,4.1 out of 5 stars
$29.99,B015RIVOBI,"Estee Lauder Little Black Liner, No. 01 Onyx, 0.03 Ounce",https://www.amazon.com/Estee-Lauder-Little-Black-Liner/dp/B015RIVOBI/ref=sr_1_89?qid=1556613053&refinements=p_89%3AEstee+Lauder&s=beauty-intl-ship&sr=1-89,6.0,3.8 out of 5 stars
$135.90,B07K58J142,Estee Lauder 2018 Holiday Blockbuster Gift Set $440+ Value Warm Color,https://www.amazon.com/Estee-Lauder-Holiday-Blockbuster-Value/dp/B07K58J142/ref=sr_1_90?qid=1556613053&refinements=p_89%3AEstee+Lauder&s=beauty-intl-ship&sr=1-90,14.0,4.5 out of 5 stars
$59.95,B001BKNJWO,"Estee Lauder SPF 10 Double Wear Light Stay-in-Place Makeup with Intensity 3.0, 1 Ounce",https://www.amazon.com/Estee-Lauder-Double-Place-Intensity/dp/B001BKNJWO/ref=sr_1_91?qid=1556613053&refinements=p_89%3AEstee+Lauder&s=beauty-intl-ship&sr=1-91,9.0,4.9 out of 5 stars
$26.00,B00SXOC11G,"Estee Lauder Double Wear Stay-in-Place Eye Pencil, 06 Sapphire, 0.04 Ounce",https://www.amazon.com/Estee-Lauder-Double-Place-Sapphire/dp/B00SXOC11G/ref=sr_1_92?qid=1556613053&refinements=p_89%3AEstee+Lauder&s=beauty-intl-ship&sr=1-92,12.0,4.7 out of 5 stars
$39.90,B06XTT54BT,Estee Lauder Bronze Goddess Illuminating Powder Gelee - Heatwave,https://www.amazon.com/Estee-Lauder-Bronze-Goddess-Illuminating/dp/B06XTT54BT/ref=sr_1_93?qid=1556613053&refinements=p_89%3AEstee+Lauder&s=beauty-intl-ship&sr=1-93,,
,B00SXOBRDO,"Estee Lauder Double Wear Stay In Place Eye Pencil New Packaging, No. 02 Coffee, 0.04 Ounce",https://www.amazon.com/Estee-Lauder-Double-Pencil-Packaging/dp/B00SXOBRDO/ref=sr_1_94?qid=1556613053&refinements=p_89%3AEstee+Lauder&s=beauty-intl-ship&sr=1-94,15.0,3.5 out of 5 stars
$58.50,B00YD9PBB2,"Estee Lauder Nutritious Vitality8 Night Radiant Overnight Creme/Mask, 1.7 Ounce",https://www.amazon.com/Estee-Lauder-Nutritious-Vitality8-Overnight/dp/B00YD9PBB2/ref=sr_1_95?qid=1556613053&refinements=p_89%3AEstee+Lauder&s=beauty-intl-ship&sr=1-95,5.0,4.7 out of 5 stars
$28.90,B00KFSOW7E,4 Estee Lauder Take It Away Makeup Remover Lotion 4 X 1 Fl Oz,https://www.amazon.com/Estee-Lauder-Makeup-Remover-Lotion/dp/B00KFSOW7E/ref=sr_1_96?qid=1556613053&refinements=p_89%3AEstee+Lauder&s=beauty-intl-ship&sr=1-96,55.0,4.2 out of 5 stars
$64.74,B00DSOY2OA,,https://www.amazon.com/Lauder-Advanced-Synchronized-Recovery-Complex/dp/B00DSOY2OA/ref=sr_1_97?qid=1556613061&refinements=p_89%3AEstee+Lauder&s=beauty-intl-ship&sr=1-97,21.0,3.3 out of 5 stars
$115.25,B00GRFR25I,"Estee Lauder Resilience Lift Firming/Sculpting Face and Neck Creme, 1.7 Ounce",https://www.amazon.com/Estee-Lauder-Resilience-Firming-Sculpting/dp/B00GRFR25I/ref=sr_1_98?qid=1556613061&refinements=p_89%3AEstee+Lauder&s=beauty-intl-ship&sr=1-98,7.0,4.5 out of 5 stars
$46.00,B0002DP4MY,"Estee Lauder Lucidity Translucent Pressed Powder, No. 02 Light/Medium-Normal/Combination/Dry Skin, 0.4 Ounce",https://www.amazon.com/Estee-Lauder-Translucent-Medium-Normal-Combination/dp/B0002DP4MY/ref=sr_1_99?qid=1556613061&refinements=p_89%3AEstee+Lauder&s=beauty-intl-ship&sr=1-99,10.0,4.8 out of 5 stars
$92.93,B01GVKHQ8Q,"Estee Lauder Advanced Night Repair Intensive Recovery Ampoules, 60 Count",https://www.amazon.com/Estee-Lauder-Advanced-Intensive-Recovery/dp/B01GVKHQ8Q/ref=sr_1_100?qid=1556613061&refinements=p_89%3AEstee+Lauder&s=beauty-intl-ship&sr=1-100,6.0,5.0 out of 5 stars
$104.50,B006NQUHXK,"Estee Lauder Re-Nutriv Ultimate Lift Age-Correcting Eye Creme for Unisex, 0.5 Ounce",https://www.amazon.com/Estee-Lauder-Re-Nutriv-Ultimate-Age-Correcting/dp/B006NQUHXK/ref=sr_1_101?qid=1556613061&refinements=p_89%3AEstee+Lauder&s=beauty-intl-ship&sr=1-101,12.0,3.1 out of 5 stars
$44.10,B00B5QWFCO,"Estee Lauder Double Wear Stay-In-Place Makeup, Pure Beige, 1 Ounce",https://www.amazon.com/Estee-Lauder-Double-Place-Makeup/dp/B00B5QWFCO/ref=sr_1_102?qid=1556613061&refinements=p_89%3AEstee+Lauder&s=beauty-intl-ship&sr=1-102,7.0,3.3 out of 5 stars
$12.99,B00FC1WCK8,"Estee Lauder Advanced Night Repair Recovery Complex II, Travel Size (.24oz/7ml)",https://www.amazon.com/Estee-Lauder-Advanced-Recovery-Complex/dp/B00FC1WCK8/ref=sr_1_103?qid=1556613061&refinements=p_89%3AEstee+Lauder&s=beauty-intl-ship&sr=1-103,1.0,5.0 out of 5 stars
$54.40,B009QUCL9I,"Estee Lauder Advanced Time Zone Age Reversing Line and Wrinkle Eye Cream, 0.5 Ounce",https://www.amazon.com/Estee-Lauder-Advanced-Reversing-Wrinkle/dp/B009QUCL9I/ref=sr_1_104?qid=1556613061&refinements=p_89%3AEstee+Lauder&s=beauty-intl-ship&sr=1-104,18.0,3.0 out of 5 stars
$75.20,B00I0MV8IS,Estee Lauder Advanced Time Zone Age Reversing Line & Wrinkle Creme Oil-Free SPF 15 50ml/1.7oz - Normal to Combination Skin,https://www.amazon.com/Estee-Lauder-Advanced-Reversing-Oil-Free/dp/B00I0MV8IS/ref=sr_1_105?qid=1556613061&refinements=p_89%3AEstee+Lauder&s=beauty-intl-ship&sr=1-105,4.0,4.3 out of 5 stars
,B01AZAXID0,Estee Lauder Advanced Night Repair Concentrated Recovery Power Foil 4 Piece Mask,https://www.amazon.com/Estee-Lauder-Advanced-Concentrated-Recovery/dp/B01AZAXID0/ref=sr_1_106?qid=1556613061&refinements=p_89%3AEstee+Lauder&s=beauty-intl-ship&sr=1-106,7.0,2.8 out of 5 stars
$19.99,B075MRNTMS,"Estee Lauder Double Wear Makeup Kit (3 Piece Set), Perfecting Primer, Foundation Brush Remover Wipes, Foundation Brush, Travel Size",https://www.amazon.com/Estee-Lauder-Perfecting-Foundation-Remover/dp/B075MRNTMS/ref=sr_1_107?qid=1556613061&refinements=p_89%3AEstee+Lauder&s=beauty-intl-ship&sr=1-107,4.0,2.3 out of 5 stars
$41.99,B007HUA81M,Estee Lauder Double Wear Stay In Place Makeup 1W1 Bone 1 Ounce,https://www.amazon.com/Estee-Lauder-Double-Place-Makeup/dp/B007HUA81M/ref=sr_1_108?qid=1556613061&refinements=p_89%3AEstee+Lauder&s=beauty-intl-ship&sr=1-108,20.0,3.5 out of 5 stars
$28.99,B078PSZ1Y6,,https://www.amazon.com/Lauder-Perfecting-Pressed-0-28-oz-Translucent/dp/B078PSZ1Y6/ref=sr_1_109?qid=1556613061&refinements=p_89%3AEstee+Lauder&s=beauty-intl-ship&sr=1-109,2.0,5.0 out of 5 stars
$149.99,B005N03DB0,"Estee Lauder Resilience Lift Firming Sculpting Face & Neck Creme SPF 15, Normal/Combination, 2.5 Ounce",https://www.amazon.com/Estee-Lauder-Resilience-Sculpting-Combination/dp/B005N03DB0/ref=sr_1_110?qid=1556613061&refinements=p_89%3AEstee+Lauder&s=beauty-intl-ship&sr=1-110,13.0,4.7 out of 5 stars
$42.06,B0009TNBWG,"Estee Lauder Double Wear Stay In Place SPF 10 Makeup, Wheat, 1 Ounce",https://www.amazon.com/Estee-Lauder-Double-Place-Makeup/dp/B0009TNBWG/ref=sr_1_111?qid=1556613061&refinements=p_89%3AEstee+Lauder&s=beauty-intl-ship&sr=1-111,14.0,4.0 out of 5 stars
$48.99,B01FN229JO,Estee Lauder DayWear Advance Multi-Protection Anti-oxidant Creme SPF15 - 1.5oz/45ml Travel Size (Set 3 Jars .5oz each),https://www.amazon.com/Estee-Lauder-DayWear-Multi-Protection-Anti-oxidant/dp/B01FN229JO/ref=sr_1_112?qid=1556613061&refinements=p_89%3AEstee+Lauder&s=beauty-intl-ship&sr=1-112,11.0,4.4 out of 5 stars
$42.00,B00CAUJILA,"Estee Lauder Perfectly Clean Triple Action Cleanser for Unisex, 5 Ounce",https://www.amazon.com/Estee-Lauder-Perfectly-Triple-Cleanser/dp/B00CAUJILA/ref=sr_1_113?qid=1556613061&refinements=p_89%3AEstee+Lauder&s=beauty-intl-ship&sr=1-113,17.0,4.0 out of 5 stars
$47.15,B01CXW5PSO,"Estee Lauder Pure Color Envy Sculpting Blush, 140 Alluring Rose",https://www.amazon.com/Estee-Lauder-Color-Sculpting-Alluring/dp/B01CXW5PSO/ref=sr_1_114?qid=1556613061&refinements=p_89%3AEstee+Lauder&s=beauty-intl-ship&sr=1-114,1.0,5.0 out of 5 stars
$47.55,B01CXXTCLO,Estee Lauder Pure Color Envy Sculpting Blush Sensuous Rose,https://www.amazon.com/Estee-Lauder-Color-Blush-SENSUOUS/dp/B01CXXTCLO/ref=sr_1_115?qid=1556613061&refinements=p_89%3AEstee+Lauder&s=beauty-intl-ship&sr=1-115,1.0,1.0 out of 5 stars
,B00EED2E0I,"Estee Lauder Take It Away Makeup Remover Lotion for Unisex, 6.7 Ounce",https://www.amazon.com/Estee-Lauder-Makeup-Remover-Lotion/dp/B00EED2E0I/ref=sr_1_116?qid=1556613061&refinements=p_89%3AEstee+Lauder&s=beauty-intl-ship&sr=1-116,53.0,4.3 out of 5 stars
$49.90,B074YDYDPH,Estee Lauder limited edition repair and renew wake up to radiant youthful-looking skin set,https://www.amazon.com/Estee-Lauder-limited-radiant-youthful-looking/dp/B074YDYDPH/ref=sr_1_117?qid=1556613061&refinements=p_89%3AEstee+Lauder&s=beauty-intl-ship&sr=1-117,2.0,5.0 out of 5 stars
$39.99,B0009W1KIK,Estee Lauder Automatic Lip Pencil Duo Refill 21 Fig,https://www.amazon.com/Estee-Lauder-Automatic-Pencil-Refill/dp/B0009W1KIK/ref=sr_1_118?qid=1556613061&refinements=p_89%3AEstee+Lauder&s=beauty-intl-ship&sr=1-118,10.0,2.8 out of 5 stars
$29.44,B00YTEFQR0,"Estee Lauder Pure Color Envy Blooming Lip Balm, 0.11 Ounce",https://www.amazon.com/Estee-Lauder-Color-Blooming-Ounce/dp/B00YTEFQR0/ref=sr_1_119?qid=1556613061&refinements=p_89%3AEstee+Lauder&s=beauty-intl-ship&sr=1-119,3.0,4.6 out of 5 stars
$139.99,B00AETWYCO,"Estee Lauder Re-nutriv Intensive Age-Renewal Eye Cream for Women, 0.5 Ounce",https://www.amazon.com/Estee-Lauder-Re-nutriv-Intensive-Age-Renewal/dp/B00AETWYCO/ref=sr_1_120?qid=1556613061&refinements=p_89%3AEstee+Lauder&s=beauty-intl-ship&sr=1-120,7.0,4.3 out of 5 stars
$47.47,B01BGV38ZK,Estee Lauder Double Wear Waterproof All Day Extreme Wear Concealer (2C LIGHT MEDIUM),https://www.amazon.com/Estee-Lauder-Waterproof-Extreme-Concealer/dp/B01BGV38ZK/ref=sr_1_121?qid=1556613075&refinements=p_89%3AEstee+Lauder&s=beauty-intl-ship&sr=1-121,8.0,3.6 out of 5 stars
$48.95,B00AUNLIWG,Estee Lauder Double Wear Stay In Place Flawless Wear Concealer - # 01 Light 7ml/0.24oz,https://www.amazon.com/Estee-Lauder-Double-Flawless-Concealer/dp/B00AUNLIWG/ref=sr_1_122?qid=1556613075&refinements=p_89%3AEstee+Lauder&s=beauty-intl-ship&sr=1-122,20.0,4.2 out of 5 stars
$42.00,B0165H36BQ,"Estee Lauder Double Wear Maximum SPF 15 Cover Camouflage Makeup, Spiced Sand, 1 Ounce",https://www.amazon.com/Estee-Lauder-Maximum-Camouflage-Makeup/dp/B0165H36BQ/ref=sr_1_123?qid=1556613075&refinements=p_89%3AEstee+Lauder&s=beauty-intl-ship&sr=1-123,2.0,5.0 out of 5 stars
$44.00,B01CL6U3MA,Estee Lauder Perfectionist Youth-Infusing Brightening Serum + Concealer-Light-Medium - Warm,https://www.amazon.com/Estee-Lauder-Perfectionist-Youth-Infusing-Concealer-Light-Medium/dp/B01CL6U3MA/ref=sr_1_124?qid=1556613075&refinements=p_89%3AEstee+Lauder&s=beauty-intl-ship&sr=1-124,1.0,5.0 out of 5 stars
$32.84,B01MA2Z6OD,"Estee Lauder The Brow Multitasker 3-In-1, No. 01 Blonde, 0.018 Ounce",https://www.amazon.com/Estee-Lauder-Multitasker-Blonde-0-018/dp/B01MA2Z6OD/ref=sr_1_125?qid=1556613075&refinements=p_89%3AEstee+Lauder&s=beauty-intl-ship&sr=1-125,4.0,3.0 out of 5 stars
$22.00,B00EED2D5O,"Estee Lauder Take It Away Gentle Eye and Lip Long-Wear Makeup Remover, 3.4 Ounce",https://www.amazon.com/Estee-Lauder-Gentle-Long-Wear-Remover/dp/B00EED2D5O/ref=sr_1_126?qid=1556613075&refinements=p_89%3AEstee+Lauder&s=beauty-intl-ship&sr=1-126,8.0,2.5 out of 5 stars
$19.99,B00HSHPW24,"Estee Lauder Perfectionist [Cp+r] Wrinkle Lifting Firming Serum 7ml,0.24oz",https://www.amazon.com/Estee-Lauder-Perfectionist-Wrinkle-Lifting/dp/B00HSHPW24/ref=sr_1_127?qid=1556613075&refinements=p_89%3AEstee+Lauder&s=beauty-intl-ship&sr=1-127,9.0,3.1 out of 5 stars
$27.35,B01MRUSH5W,"Estee Lauder The Brow Multitasker 3-In-1, No. 04 Dark Brunette, 0.017 Ounce",https://www.amazon.com/Estee-Lauder-Multitasker-Brunette-0-017/dp/B01MRUSH5W/ref=sr_1_128?qid=1556613075&refinements=p_89%3AEstee+Lauder&s=beauty-intl-ship&sr=1-128,1.0,1.0 out of 5 stars
$37.96,B005U3FQB0,"Estee Lauder Double Wear Light Stay In Place Makeup SPF 10, No. 12 Intensity, 1 Ounce",https://www.amazon.com/Estee-Lauder-Double-Makeup-Intensity/dp/B005U3FQB0/ref=sr_1_129?qid=1556613075&refinements=p_89%3AEstee+Lauder&s=beauty-intl-ship&sr=1-129,40.0,4.2 out of 5 stars
,B00C4UMI9A,Make Up-Estee Lauder - Mascara - Lash Primer Plus-Lash Primer Plus-5ml/0.17oz,https://www.amazon.com/Make-Up-Estee-Lauder-Plus-Lash-Plus-5ml/dp/B00C4UMI9A/ref=sr_1_130?qid=1556613075&refinements=p_89%3AEstee+Lauder&s=beauty-intl-ship&sr=1-130,5.0,4.5 out of 5 stars
$18.00,B00JG7YOPA,"Estee Lauder Double Wear Stay-in-Place Lip Pencil for Women, Clear, 0.04 Ounce",https://www.amazon.com/Estee-Lauder-Double-Place-Pencil/dp/B00JG7YOPA/ref=sr_1_131?qid=1556613075&refinements=p_89%3AEstee+Lauder&s=beauty-intl-ship&sr=1-131,8.0,4.4 out of 5 stars
$24.99,B00I93DO5I,"Estee Lauder Double Wear Stay In Place Brow Lift Duo, No. 04 Blonde Brown, 0.003 Ounce",https://www.amazon.com/Estee-Lauder-Double-Place-Blonde/dp/B00I93DO5I/ref=sr_1_132?qid=1556613075&refinements=p_89%3AEstee+Lauder&s=beauty-intl-ship&sr=1-132,9.0,2.8 out of 5 stars
$14.95,B074RM34GV,The Estee Edit by Estee Lauder Flash Illuminator Fluid Powder - #01 Heat,https://www.amazon.com/Estee-Lauder-Flash-Illuminator-Powder/dp/B074RM34GV/ref=sr_1_133?qid=1556613075&refinements=p_89%3AEstee+Lauder&s=beauty-intl-ship&sr=1-133,2.0,4.5 out of 5 stars
$58.97,B0006LJCIO,"Estee Lauder Lucidity Translucent Pressed Powder for Normal/Combination and Dry, No. 06 Transparent, 0.4 Ounce",https://www.amazon.com/Estee-Lauder-Translucent-Combination-Transparent/dp/B0006LJCIO/ref=sr_1_134?qid=1556613075&refinements=p_89%3AEstee+Lauder&s=beauty-intl-ship&sr=1-134,4.0,5.0 out of 5 stars
$11.98,B003VOWH26,Estee Lauder Perfectly Clean Splash Away Foaming Cleanser 1oz/30ml,https://www.amazon.com/Estee-Lauder-Perfectly-Foaming-Cleanser/dp/B003VOWH26/ref=sr_1_135?qid=1556613075&refinements=p_89%3AEstee+Lauder&s=beauty-intl-ship&sr=1-135,12.0,4.0 out of 5 stars
$45.44,B00415P88O,"Estee Lauder Double Wear Stay-in-Place Eye Pencil Coffee for Women, 0.04 Ounce",https://www.amazon.com/Estee-Lauder-Double-Place-Pencil/dp/B00415P88O/ref=sr_1_136?qid=1556613075&refinements=p_89%3AEstee+Lauder&s=beauty-intl-ship&sr=1-136,14.0,4.4 out of 5 stars
$26.00,B00CAUJHRA,"Estee Lauder Perfectly Clean Multi-action Cleansing for Unisex, Gelee/Refiner, 5 Ounce",https://www.amazon.com/Estee-Lauder-Perfectly-Multi-action-Cleansing/dp/B00CAUJHRA/ref=sr_1_137?qid=1556613075&refinements=p_89%3AEstee+Lauder&s=beauty-intl-ship&sr=1-137,6.0,5.0 out of 5 stars
$62.99,B00BXIC812,"Estee Lauder Bronze Goddess No. 01 Light Powder Bronzer for Women, 0.74 Ounce",https://www.amazon.com/Estee-Lauder-Bronze-Goddess-Bronzer/dp/B00BXIC812/ref=sr_1_138?qid=1556613075&refinements=p_89%3AEstee+Lauder&s=beauty-intl-ship&sr=1-138,14.0,4.5 out of 5 stars
$66.59,B009Y6CZ0O,"Estee Lauder Advanced Time Zone Age Reversing Line Wrinkle Gel, 1.7 Ounce",https://www.amazon.com/Estee-Lauder-Advanced-Reversing-Wrinkle/dp/B009Y6CZ0O/ref=sr_1_139?qid=1556613075&refinements=p_89%3AEstee+Lauder&s=beauty-intl-ship&sr=1-139,6.0,3.9 out of 5 stars
$9.99,B00JHV0REW,Estee Lauder Lilly Pulitzer Spring Cosmetic Bag 2014,https://www.amazon.com/Estee-Lauder-Pulitzer-Spring-Cosmetic/dp/B00JHV0REW/ref=sr_1_140?qid=1556613075&refinements=p_89%3AEstee+Lauder&s=beauty-intl-ship&sr=1-140,131.0,4.5 out of 5 stars
$18.98,B0791T2RDR,Estee Lauder Perfectionist Pro Rapid Firm + Lift Treatment Acetyl Hexapeptide-8 0.24 oz/7 ml Travel Size,https://www.amazon.com/Estee-Lauder-Perfectionist-Treatment-Hexapeptide-8/dp/B0791T2RDR/ref=sr_1_141?qid=1556613075&refinements=p_89%3AEstee+Lauder&s=beauty-intl-ship&sr=1-141,3.0,3.8 out of 5 stars
$51.00,B01BFT5ZJK,Estee Lauder Perfectionist Youth-infusing Brightening Serum + Concealer 2c Light Medium (Cool),https://www.amazon.com/Estee-Lauder-Perfectionist-Youth-infusing-Brightening/dp/B01BFT5ZJK/ref=sr_1_142?qid=1556613075&refinements=p_89%3AEstee+Lauder&s=beauty-intl-ship&sr=1-142,4.0,3.7 out of 5 stars
$33.79,B078PM196F,"Estee Lauder Double Wear Maximum Cover Camouflage Makeup for Face and Body SPF 15, 2W1 Dawn 1 oz",https://www.amazon.com/Estee-Lauder-Double-Maximum-Camouflage/dp/B078PM196F/ref=sr_1_143?qid=1556613075&refinements=p_89%3AEstee+Lauder&s=beauty-intl-ship&sr=1-143,1.0,5.0 out of 5 stars
$59.50,B00BCGTFT8,"Estee Lauder Advanced Time Zone Age Reversing Line Wrinkle Creme, Normal/Combination Skin, 1.7 Ounce",https://www.amazon.com/Estee-Lauder-Advanced-Reversing-Combination/dp/B00BCGTFT8/ref=sr_1_144?qid=1556613075&refinements=p_89%3AEstee+Lauder&s=beauty-intl-ship&sr=1-144,1.0,5.0 out of 5 stars
$19.99,B01EDP426K,Estee Lauder Nutritious Radiant Vitality 2 in 1 Foam Cleanser 1oz/30ml,https://www.amazon.com/Estee-Lauder-Nutritious-Vitality-Cleanser/dp/B01EDP426K/ref=sr_1_145?qid=1556613085&refinements=p_89%3AEstee+Lauder&s=beauty-intl-ship&sr=1-145,2.0,5.0 out of 5 stars
$239.71,B006NQUHCG,"Estee Lauder Re-Nutriv Ultimate Lift Age-Correcting Cream for Unisex, 1.7 Ounce",https://www.amazon.com/Estee-Lauder-Re-Nutriv-Ultimate-Age-Correcting/dp/B006NQUHCG/ref=sr_1_146?qid=1556613085&refinements=p_89%3AEstee+Lauder&s=beauty-intl-ship&sr=1-146,18.0,4.4 out of 5 stars
$18.99,B01MF77RCH,3x Estee Lauder Advanced Night Micro Cleansing Foam (30ml/1oz) EACH => 3OZ TOTAL,https://www.amazon.com/Estee-Lauder-Advanced-Night-Cleansing/dp/B01MF77RCH/ref=sr_1_147?qid=1556613085&refinements=p_89%3AEstee+Lauder&s=beauty-intl-ship&sr=1-147,9.0,3.9 out of 5 stars
,B07D1DSPJ1,"Estee Lauder Pure Color Envy Lash Multi-Effects Mascara, Mini Trial Size 0.09oz.",https://www.amazon.com/Estee-Lauder-Multi-Effects-Mascara-0-09oz/dp/B07D1DSPJ1/ref=sr_1_148?qid=1556613085&refinements=p_89%3AEstee+Lauder&s=beauty-intl-ship&sr=1-148,,
$64.50,B0147TLRL0,"Estee Lauder Women's New Dimension Shape + Fill Expert Serum, All Skin Types, 1.7 Ounce",https://www.amazon.com/Estee-Lauder-Womens-Dimension-Expert/dp/B0147TLRL0/ref=sr_1_149?qid=1556613085&refinements=p_89%3AEstee+Lauder&s=beauty-intl-ship&sr=1-149,16.0,4.8 out of 5 stars
$41.99,B015CVK4ZW,"Estee Lauder Women's Double Wear Makeup To Go Liquid Compact, 2C3 Fresco, 0.40 Ounce",https://www.amazon.com/Estee-Lauder-Womens-Double-Compact/dp/B015CVK4ZW/ref=sr_1_150?qid=1556613085&refinements=p_89%3AEstee+Lauder&s=beauty-intl-ship&sr=1-150,9.0,3.6 out of 5 stars
$35.71,B0029JU2IU,"Estee Lauder All Day Lipstick .13 oz Full Size, Starlit Pink",https://www.amazon.com/Estee-Lauder-Lipstick-Full-Starlit/dp/B0029JU2IU/ref=sr_1_151?qid=1556613085&refinements=p_89%3AEstee+Lauder&s=beauty-intl-ship&sr=1-151,3.0,5.0 out of 5 stars
$64.98,B000MES6I2,"Estee Lauder Women's Re-Nutriv Softening Lotion, 8.4 Ounce",https://www.amazon.com/Estee-Lauder-Womens-Re-Nutriv-Softening/dp/B000MES6I2/ref=sr_1_152?qid=1556613085&refinements=p_89%3AEstee+Lauder&s=beauty-intl-ship&sr=1-152,11.0,4.3 out of 5 stars
$69.99,B07BS2PZSF,,https://www.amazon.com/Estee-Lauder-Mothers-Portfolio-Palette/dp/B07BS2PZSF/ref=sr_1_153?qid=1556613085&refinements=p_89%3AEstee+Lauder&s=beauty-intl-ship&sr=1-153,6.0,5.0 out of 5 stars
$49.99,B005MPXE8I,"Estee Lauder Double Wear Stay-in-Place Flawless Wear Concealer SPF 10 Light Medium, 0.2 Ounce",https://www.amazon.com/Estee-Lauder-Double-Flawless-Concealer/dp/B005MPXE8I/ref=sr_1_154?qid=1556613085&refinements=p_89%3AEstee+Lauder&s=beauty-intl-ship&sr=1-154,13.0,4.1 out of 5 stars
$50.50,B0097CVZO2,Estee Lauder Double Matte Oil Control Pressed Powder - No. 03 Medium 14g/0.49oz,https://www.amazon.com/Estee-Lauder-Double-Control-Pressed/dp/B0097CVZO2/ref=sr_1_155?qid=1556613085&refinements=p_89%3AEstee+Lauder&s=beauty-intl-ship&sr=1-155,9.0,3.4 out of 5 stars
$40.10,B01BR12LP2,Estee Lauder Pure Color Envy Sculpting Gloss - #440 Berry Provocative 5.8ml/0.1oz,https://www.amazon.com/Estee-Lauder-Color-Sculpting-Gloss/dp/B01BR12LP2/ref=sr_1_156?qid=1556613085&refinements=p_89%3AEstee+Lauder&s=beauty-intl-ship&sr=1-156,6.0,4.5 out of 5 stars
$24.99,B004HMLHK4,Estee Lauder Daywear Advanced Multi-protection Anti-oxidant Creme SPF 15 (Travel Size 15ml / .5 oz),https://www.amazon.com/Estee-Lauder-Advanced-Multi-protection-Anti-oxidant/dp/B004HMLHK4/ref=sr_1_157?qid=1556613085&refinements=p_89%3AEstee+Lauder&s=beauty-intl-ship&sr=1-157,82.0,4.4 out of 5 stars
,B002ZVTOSG,Estee Lauder Estee Lauder Sharpener,https://www.amazon.com/Estee-Lauder-Sharpener/dp/B002ZVTOSG/ref=sr_1_158?qid=1556613085&refinements=p_89%3AEstee+Lauder&s=beauty-intl-ship&sr=1-158,5.0,3.9 out of 5 stars
$37.50,B0056IC2AC,Estee Lauder Travel Set/kit: Advanced Night Repair Eye Synchronized Complex 5ml*3=15 Ml,https://www.amazon.com/Estee-Lauder-Travel-Set-kit/dp/B0056IC2AC/ref=sr_1_159?qid=1556613085&refinements=p_89%3AEstee+Lauder&s=beauty-intl-ship&sr=1-159,30.0,3.7 out of 5 stars
$21.40,B01N7X3MAH,"Estee lauder Double Wear Long-Wear Makeup Remover Wipes, 1 Pack, 45 Wipes",https://www.amazon.com/Estee-lauder-Double-Long-Wear-Remover/dp/B01N7X3MAH/ref=sr_1_160?qid=1556613085&refinements=p_89%3AEstee+Lauder&s=beauty-intl-ship&sr=1-160,2.0,5.0 out of 5 stars
$38.46,B000WIET3E,"Estee Lauder Double Wear Stay-in-Place Makeup SPF 10 Bronze, 1.0 Ounce",https://www.amazon.com/Estee-Lauder-Double-Place-Makeup/dp/B000WIET3E/ref=sr_1_161?qid=1556613085&refinements=p_89%3AEstee+Lauder&s=beauty-intl-ship&sr=1-161,12.0,4.3 out of 5 stars
$14.95,B01N4CKLF3,THE ESTEE EDIT FLASH PHOTO POWDER (Blue Bright),https://www.amazon.com/ESTEE-FLASH-PHOTO-POWDER-Bright/dp/B01N4CKLF3/ref=sr_1_162?qid=1556613085&refinements=p_89%3AEstee+Lauder&s=beauty-intl-ship&sr=1-162,3.0,5.0 out of 5 stars
$22.00,B072HGRZ3V,"Estee Lauder Pure Color Love Lipstick, 130 Strapless, 0.12 Ounce",https://www.amazon.com/Estee-Lauder-Color-Lipstick-Strapless/dp/B072HGRZ3V/ref=sr_1_163?qid=1556613085&refinements=p_89%3AEstee+Lauder&s=beauty-intl-ship&sr=1-163,1.0,5.0 out of 5 stars
$38.78,B00KJGSDUO,"Estee Lauder Double Wear Maximum SPF 15 Cover Camouflage Makeup, Rattan, 1 Ounce",https://www.amazon.com/Estee-Lauder-Maximum-Camouflage-Makeup/dp/B00KJGSDUO/ref=sr_1_164?qid=1556613085&refinements=p_89%3AEstee+Lauder&s=beauty-intl-ship&sr=1-164,8.0,4.4 out of 5 stars
$10.95,B004HMH1EA,Estee Lauder Sumptuous Bold Volume Lifting Mascara Travel Size 2.8ml,https://www.amazon.com/Estee-Lauder-Sumptuous-Lifting-Mascara/dp/B004HMH1EA/ref=sr_1_165?qid=1556613085&refinements=p_89%3AEstee+Lauder&s=beauty-intl-ship&sr=1-165,22.0,4.3 out of 5 stars
$56.99,B00SFXR7DC,"Estee Lauder Women's Resilience Lift Restorative Radiance Oil, 1 Ounce",https://www.amazon.com/Estee-Lauder-Resilience-Restorative-Radiance/dp/B00SFXR7DC/ref=sr_1_166?qid=1556613085&refinements=p_89%3AEstee+Lauder&s=beauty-intl-ship&sr=1-166,4.0,5.0 out of 5 stars
$115.98,B01LLVLUO6,"Estee Lauder Re-Nutriv Ultimate Lift Regenerating Youth Eye Creme, 0.5 Ounce",https://www.amazon.com/Estee-Lauder-Re-Nutriv-Ultimate-Regenerating/dp/B01LLVLUO6/ref=sr_1_167?qid=1556613085&refinements=p_89%3AEstee+Lauder&s=beauty-intl-ship&sr=1-167,,
$30.00,B0083TDCOG,"Estee Lauder Pure Color Envy Sculpting Lipstick, Potent, 0.12 Ounce",https://www.amazon.com/Estee-Lauder-Sculpting-Lipstick-Potent/dp/B0083TDCOG/ref=sr_1_168?qid=1556613085&refinements=p_89%3AEstee+Lauder&s=beauty-intl-ship&sr=1-168,7.0,3.2 out of 5 stars
$190.37,B0009ML5I0,,https://www.amazon.com/Est%C3%A9e-Lauder-Re-Nutriv-Creme-50ml/dp/B0009ML5I0/ref=sr_1_172?qid=1556613099&refinements=p_89%3AEstee+Lauder&s=beauty-intl-ship&sr=1-172,4.0,5.0 out of 5 stars
$13.99,B01LXFCBIE,,https://www.amazon.com/Lauder-Sculpting-Moisturized-Lipstick-Intense/dp/B01LXFCBIE/ref=sr_1_173?qid=1556613099&refinements=p_89%3AEstee+Lauder&s=beauty-intl-ship&sr=1-173,,
$26.00,B00IBW6H5Q,"Estee Lauder Double Wear Brush-On Glow BB Highlighter, No. 3C Medium, 0.07 Ounce",https://www.amazon.com/Estee-Lauder-Double-Brush-Highlighter/dp/B00IBW6H5Q/ref=sr_1_174?qid=1556613099&refinements=p_89%3AEstee+Lauder&s=beauty-intl-ship&sr=1-174,12.0,3.9 out of 5 stars
$9.98,B004GSY3F0,Estee lauder double wear stay in place lip pencil 04 Rose - travel size - NEW,https://www.amazon.com/Estee-lauder-double-place-pencil/dp/B004GSY3F0/ref=sr_1_175?qid=1556613099&refinements=p_89%3AEstee+Lauder&s=beauty-intl-ship&sr=1-175,2.0,5.0 out of 5 stars
$23.99,B0059WKI7O,Estee Lauder Advanced Night Repair Synchronized Recovery Complex 7ml*2= 14 Ml (0.24 Oz *2=0.48 Oz),https://www.amazon.com/Estee-Lauder-Advanced-Synchronized-Recovery/dp/B0059WKI7O/ref=sr_1_176?qid=1556613099&refinements=p_89%3AEstee+Lauder&s=beauty-intl-ship&sr=1-176,24.0,4.2 out of 5 stars
$46.98,B078MT8M42,Double Wear Maximum Cover Camouflage Makeup for Face and Body Broad Spectrum SPF 15/1.0 oz. 1n1 Ivory Nude,https://www.amazon.com/Double-Maximum-Camouflage-Makeup-Spectrum/dp/B078MT8M42/ref=sr_1_177?qid=1556613099&refinements=p_89%3AEstee+Lauder&s=beauty-intl-ship&sr=1-177,3.0,5.0 out of 5 stars
$27.21,B00JMV2L7S,"Estee Lauder Women's Pure Color Envy Sculpting Lipstick, 210 Impulsive, 0.12 Ounce",https://www.amazon.com/Estee-Lauder-Sculpting-Lipstick-Impulsive/dp/B00JMV2L7S/ref=sr_1_178?qid=1556613099&refinements=p_89%3AEstee+Lauder&s=beauty-intl-ship&sr=1-178,6.0,4.6 out of 5 stars
$47.95,B015LLE1O8,Estee Lauder Daywear & Nightwear Plus Anti-oxidant Creme Duo Pack - O.5 Oz/15 Ml X 2,https://www.amazon.com/Estee-Lauder-Daywear-Nightwear-Anti-oxidant/dp/B015LLE1O8/ref=sr_1_179?qid=1556613099&refinements=p_89%3AEstee+Lauder&s=beauty-intl-ship&sr=1-179,35.0,3.7 out of 5 stars
$75.99,B01LMLKL72,"Este Lauder Perfecting Loose Powder Light Medium , 0.35oz, by Estee Lauder",https://www.amazon.com/Lauder-Perfecting-Powder-Medium-Estee/dp/B01LMLKL72/ref=sr_1_180?qid=1556613099&refinements=p_89%3AEstee+Lauder&s=beauty-intl-ship&sr=1-180,,
$32.99,B016INHQTA,,https://www.amazon.com/Est%C3%A9e-Lauder-Conditioner-3-8G-Clear/dp/B016INHQTA/ref=sr_1_181?qid=1556613099&refinements=p_89%3AEstee+Lauder&s=beauty-intl-ship&sr=1-181,1.0,5.0 out of 5 stars
$54.98,B004PEIBY4,"Estee Lauder Nutritious Radiant Vitality 2-In-1 Foam Cleanser, 4.2 Ounce",https://www.amazon.com/Estee-Lauder-Nutritious-Vitality-Cleanser/dp/B004PEIBY4/ref=sr_1_182?qid=1556613099&refinements=p_89%3AEstee+Lauder&s=beauty-intl-ship&sr=1-182,11.0,4.2 out of 5 stars
$34.99,B01IIGU1WO,,https://www.amazon.com/Estee-Lauder-Double-Cushion-Radiant/dp/B01IIGU1WO/ref=sr_1_183?qid=1556613099&refinements=p_89%3AEstee+Lauder&s=beauty-intl-ship&sr=1-183,,
$5.89,B07MP4321Z,Estee Lauder Revitalizing Supreme+ Global Anti-Aging Wake Up Balm 0.17oz/5ml,https://www.amazon.com/Estee-Lauder-Revitalizing-Supreme-Anti-Aging/dp/B07MP4321Z/ref=sr_1_184?qid=1556613099&refinements=p_89%3AEstee+Lauder&s=beauty-intl-ship&sr=1-184,1.0,1.0 out of 5 stars
$57.74,B002KI9GF0,"Estee Lauder Time Zone Anti-Line/Wrinkle Eye Creme for Unisex, 0.5 Ounce",https://www.amazon.com/Estee-Lauder-Anti-Line-Wrinkle-Unisex/dp/B002KI9GF0/ref=sr_1_185?qid=1556613099&refinements=p_89%3AEstee+Lauder&s=beauty-intl-ship&sr=1-185,10.0,3.3 out of 5 stars
$23.44,B01BHUDXAA,Estee Lauder 'Perfectionist' Youth-Infusing Brightening Serum + Concealer - 3w Medium,https://www.amazon.com/Estee-Lauder-Perfectionist-Youth-Infusing-Brightening/dp/B01BHUDXAA/ref=sr_1_186?qid=1556613099&refinements=p_89%3AEstee+Lauder&s=beauty-intl-ship&sr=1-186,,
$59.87,B00185KKK6,Estee Lauder .4 oz / 11.4 g Lucidity 02 Light/Medium Translucent Pressed Powder,https://www.amazon.com/Estee-Lauder-Lucidity-Translucent-Pressed/dp/B00185KKK6/ref=sr_1_187?qid=1556613099&refinements=p_89%3AEstee+Lauder&s=beauty-intl-ship&sr=1-187,4.0,2.6 out of 5 stars
,B015CVK1C8,"Estee Lauder Women's Double Wear Makeup To Go Liquid Compact, 3C2 Pebble, 0.40 Ounce",https://www.amazon.com/Estee-Lauder-Womens-Double-Compact/dp/B015CVK1C8/ref=sr_1_188?qid=1556613099&refinements=p_89%3AEstee+Lauder&s=beauty-intl-ship&sr=1-188,9.0,3.6 out of 5 stars
,B00OKUFBUA,"Estee Lauder Enlighten Dark Spot Correcting Night Serum for Women, 1.7 Ounce",https://www.amazon.com/Estee-Lauder-Enlighten-Correcting-Night/dp/B00OKUFBUA/ref=sr_1_189?qid=1556613099&refinements=p_89%3AEstee+Lauder&s=beauty-intl-ship&sr=1-189,13.0,4.4 out of 5 stars
$35.49,B0097DKEAM,,https://www.amazon.com/Est%C3%A9e-Lauder-Double-Place-Eyeshadow/dp/B0097DKEAM/ref=sr_1_190?qid=1556613099&refinements=p_89%3AEstee+Lauder&s=beauty-intl-ship&sr=1-190,2.0,2.6 out of 5 stars
$8.95,B06XQ1QDW2,Estee Lauder Revitalizing Supreme+ Global Anti-Aging Cell Power Cream - 0.17 oz/5 ml,https://www.amazon.com/Estee-Lauder-Revitalizing-Supreme-Anti-Aging/dp/B06XQ1QDW2/ref=sr_1_191?qid=1556613099&refinements=p_89%3AEstee+Lauder&s=beauty-intl-ship&sr=1-191,1.0,1.0 out of 5 stars
$22.30,B01IFG3YZS,Estee Lauder Edit Eyeshadow Palette,https://www.amazon.com/Estee-Lauder-Edit-Eyeshadow-Palette/dp/B01IFG3YZS/ref=sr_1_192?qid=1556613099&refinements=p_89%3AEstee+Lauder&s=beauty-intl-ship&sr=1-192,9.0,4.5 out of 5 stars
$30.28,B00IZO6ARU,"Estee Lauder Pure Color Envy Sculpting Lipstick, No. 140 Emotional, 0.12 Ounce",https://www.amazon.com/Estee-Lauder-Sculpting-Lipstick-Emotional/dp/B00IZO6ARU/ref=sr_1_193?qid=1556613113&refinements=p_89%3AEstee+Lauder&s=beauty-intl-ship&sr=1-193,2.0,5.0 out of 5 stars
$24.00,B07K6SXNRS,Estee Lauder Pure Color Envy Sculpting Gloss 320 Seductive Honey 0.27 oz / 8 ml UB,https://www.amazon.com/Estee-Lauder-Color-Sculpting-Seductive/dp/B07K6SXNRS/ref=sr_1_194?qid=1556613113&refinements=p_89%3AEstee+Lauder&s=beauty-intl-ship&sr=1-194,,
$18.14,B014SD4IN4,"Estee Lauder Pure Color Envy Lip Volumizer, White, 0.24 Ounce",https://www.amazon.com/Estee-Lauder-Color-Volumizer-White/dp/B014SD4IN4/ref=sr_1_195?qid=1556613113&refinements=p_89%3AEstee+Lauder&s=beauty-intl-ship&sr=1-195,2.0,3.0 out of 5 stars
$57.53,B00B06H5D8,"Estee Lauder Idealist Pore Minimizing Skin Refinisher Serum, 1 Ounce",https://www.amazon.com/Estee-Lauder-Minimizing-Skin-Refinisher/dp/B00B06H5D8/ref=sr_1_196?qid=1556613113&refinements=p_89%3AEstee+Lauder&s=beauty-intl-ship&sr=1-196,,
$74.95,B00X1MMCKU,Estee Lauder - Luxe Body Creme - 6.4 FL OZ / 189 ML,https://www.amazon.com/Estee-Lauder-Luxe-Body-Creme/dp/B00X1MMCKU/ref=sr_1_197?qid=1556613113&refinements=p_89%3AEstee+Lauder&s=beauty-intl-ship&sr=1-197,5.0,4.1 out of 5 stars
$42.00,B0009TMZBY,"Estee Lauder Double Wear Stay-in-place SPF 10 Makeup, Softan, 1 Ounce",https://www.amazon.com/Estee-Lauder-Double-place-Makeup/dp/B0009TMZBY/ref=sr_1_198?qid=1556613113&refinements=p_89%3AEstee+Lauder&s=beauty-intl-ship&sr=1-198,29.0,3.7 out of 5 stars
$46.70,B01BFTPH2K,Estee Lauder Perfectionist Youth-infusing Brightening Serum + Concealer 1c Light (Cool),https://www.amazon.com/Estee-Lauder-Perfectionist-Youth-infusing-Brightening/dp/B01BFTPH2K/ref=sr_1_199?qid=1556613113&refinements=p_89%3AEstee+Lauder&s=beauty-intl-ship&sr=1-199,3.0,5.0 out of 5 stars
$45.00,B07G9KFWX8,"Estee Lauder Double Wear Light Soft Matte Hydra Makeup, 1 Ounce 3C2 Pebble",https://www.amazon.com/Estee-Lauder-Double-Makeup-Pebble/dp/B07G9KFWX8/ref=sr_1_200?qid=1556613113&refinements=p_89%3AEstee+Lauder&s=beauty-intl-ship&sr=1-200,,
$34.70,B073CQ859F,"Revitalizing Supreme+ Global Anti-Aging Instant Refinishing Facial, 2.5-oz.",https://www.amazon.com/Revitalizing-Supreme-Anti-Aging-Instant-Refinishing/dp/B073CQ859F/ref=sr_1_201?qid=1556613113&refinements=p_89%3AEstee+Lauder&s=beauty-intl-ship&sr=1-201,,
$47.95,B01IIGU0V6,"Estee Lauder Double Wear Nude Cushion Stick Radiant Makeup, 1N2 Ecru, 0.47 Ounce",https://www.amazon.com/Estee-Lauder-Double-Cushion-Radiant/dp/B01IIGU0V6/ref=sr_1_202?qid=1556613113&refinements=p_89%3AEstee+Lauder&s=beauty-intl-ship&sr=1-202,2.0,4.5 out of 5 stars
$28.98,B016VXECXK,ESTEE LAUDER NEW Pure Color Envy Defining EyeShadow Wet/Dry (IMPULSIVE BLONDE),https://www.amazon.com/LAUDER-Defining-EyeShadow-IMPULSIVE-BLONDE/dp/B016VXECXK/ref=sr_1_203?qid=1556613113&refinements=p_89%3AEstee+Lauder&s=beauty-intl-ship&sr=1-203,,
$145.99,B00GGI3OC6,Estee Lauder Re-Nutriv Intensive Lifting Makeup SPF 15 04 Pebble,https://www.amazon.com/Estee-Lauder-Re-Nutriv-Intensive-Lifting/dp/B00GGI3OC6/ref=sr_1_204?qid=1556613113&refinements=p_89%3AEstee+Lauder&s=beauty-intl-ship&sr=1-204,3.0,5.0 out of 5 stars
$63.21,B018ASU0CQ,Estee Lauder Magic Smoky Powder Shadow Stick Slow Burn,https://www.amazon.com/Estee-Lauder-Magic-Powder-Shadow/dp/B018ASU0CQ/ref=sr_1_205?qid=1556613113&refinements=p_89%3AEstee+Lauder&s=beauty-intl-ship&sr=1-205,6.0,4.7 out of 5 stars
$19.95,B00HMUHL1C,Estee Lauder Revitalizing Supreme .17 oz / 5 ml Travel Global Anti-Aging Creme,https://www.amazon.com/Estee-Lauder-Revitalizing-Supreme-Anti-Aging/dp/B00HMUHL1C/ref=sr_1_206?qid=1556613113&refinements=p_89%3AEstee+Lauder&s=beauty-intl-ship&sr=1-206,17.0,3.8 out of 5 stars
$181.30,B00G04ZVQ8,Estee Lauder 3 Piece Advanced Time Zone 3 to Travel Kit for Unisex,https://www.amazon.com/Estee-Lauder-Advanced-Travel-Unisex/dp/B00G04ZVQ8/ref=sr_1_207?qid=1556613113&refinements=p_89%3AEstee+Lauder&s=beauty-intl-ship&sr=1-207,2.0,5.0 out of 5 stars
$56.77,B0006SESFY,"Estee Lauder Lucidity Translucent Pressed Powder for Normal Combination and Dry Skin, No. 03 Medium, 0.4 Ounce",https://www.amazon.com/Estee-Lauder-Lucidity-Translucent-Combination/dp/B0006SESFY/ref=sr_1_208?qid=1556613113&refinements=p_89%3AEstee+Lauder&s=beauty-intl-ship&sr=1-208,8.0,4.0 out of 5 stars
$33.05,B074HGV7VM,Estee Lauder Perfectionist Set and Highlight Powder Duo - 02 Light Medium,https://www.amazon.com/Estee-Lauder-Perfectionist-Highlight-Powder/dp/B074HGV7VM/ref=sr_1_209?qid=1556613113&refinements=p_89%3AEstee+Lauder&s=beauty-intl-ship&sr=1-209,,
$61.99,B00B71QOC4,,https://www.amazon.com/Lauder-Double-Place-Liquid-Makeup/dp/B00B71QOC4/ref=sr_1_210?qid=1556613113&refinements=p_89%3AEstee+Lauder&s=beauty-intl-ship&sr=1-210,3.0,5.0 out of 5 stars
$31.99,B006NT5RNM,Estee Lauder Double Wear Stay-In-Place Gel Eyeliner 01 Stay Onyx,https://www.amazon.com/Estee-Lauder-Double-Place-Eyeliner/dp/B006NT5RNM/ref=sr_1_211?qid=1556613113&refinements=p_89%3AEstee+Lauder&s=beauty-intl-ship&sr=1-211,5.0,3.1 out of 5 stars
,B01LB9I7U8,,https://www.amazon.com/Est%C3%A9e-Hydrate-sheer-sun-loving-bronze/dp/B01LB9I7U8/ref=sr_1_212?qid=1556613113&refinements=p_89%3AEstee+Lauder&s=beauty-intl-ship&sr=1-212,1.0,5.0 out of 5 stars
$83.59,B00WHSCZWE,Estee Lauder Revitalizing Supreme light +Global Anti-Aging Cell Power Creme Oil-Free 50ml/1.7oz,https://www.amazon.com/Estee-Lauder-Revitalizing-Anti-Aging-Oil-Free/dp/B00WHSCZWE/ref=sr_1_213?qid=1556613113&refinements=p_89%3AEstee+Lauder&s=beauty-intl-ship&sr=1-213,,
$53.98,B00JBL23DQ,Estee Lauder Top 40 July Clear Difference Advanced Blemish Serum Ygpx,https://www.amazon.com/Estee-Lauder-Difference-Advanced-Blemish/dp/B00JBL23DQ/ref=sr_1_214?qid=1556613113&refinements=p_89%3AEstee+Lauder&s=beauty-intl-ship&sr=1-214,8.0,3.6 out of 5 stars
$29.00,B01NAEZ2OJ,"Estee Lauder The Brow Multitasker 3-In-1 Set, No. 03 Brunette, 0.017 Ounce",https://www.amazon.com/Estee-Lauder-Multitasker-Brunette-0-017/dp/B01NAEZ2OJ/ref=sr_1_215?qid=1556613113&refinements=p_89%3AEstee+Lauder&s=beauty-intl-ship&sr=1-215,,
$54.95,B01L108W3Y,"Estee Lauder Pure Color Envy Hi-Luster Light Sculpting Lipstick, No. 130 Slow Burn, 0.12 Ounce",https://www.amazon.com/Estee-Lauder-Hi-Luster-Sculpting-Lipstick/dp/B01L108W3Y/ref=sr_1_216?qid=1556613113&refinements=p_89%3AEstee+Lauder&s=beauty-intl-ship&sr=1-216,1.0,5.0 out of 5 stars
$9.97,B01CZN523E,Estee Lauder Mini Sumptuous Extreme Lash Multiplying Volume Mascara 01 Black,https://www.amazon.com/Estee-Lauder-Sumptuous-Extreme-Multiplying/dp/B01CZN523E/ref=sr_1_220?qid=1556613121&refinements=p_89%3AEstee+Lauder&s=beauty-intl-ship&sr=1-220,,
$65.92,B013DVPRZU,,https://www.amazon.com/Est%C3%A9e-Lauder-Perfectionist-Youth-Infusing-Makeup/dp/B013DVPRZU/ref=sr_1_221?qid=1556613121&refinements=p_89%3AEstee+Lauder&s=beauty-intl-ship&sr=1-221,1.0,5.0 out of 5 stars
$5.99,B00O7WOH5G,Estee Lauder Aerin Rose Hand and Body Cream 1oz/30ml,https://www.amazon.com/Estee-Lauder-Aerin-Rose-Cream/dp/B00O7WOH5G/ref=sr_1_222?qid=1556613121&refinements=p_89%3AEstee+Lauder&s=beauty-intl-ship&sr=1-222,7.0,3.0 out of 5 stars
$39.50,B078PLTY8P,,https://www.amazon.com/Lauder-Perfecting-Pressed-Powder-0-28-oz/dp/B078PLTY8P/ref=sr_1_223?qid=1556613121&refinements=p_89%3AEstee+Lauder&s=beauty-intl-ship&sr=1-223,1.0,4.0 out of 5 stars
$65.00,B00VRSK14Y,"Estee Lauder Crescent White Full Cycle SPF 50 Brightening BB Creme & Balm for Women, 1 Ounce",https://www.amazon.com/Estee-Lauder-Crescent-White-Brightening/dp/B00VRSK14Y/ref=sr_1_224?qid=1556613121&refinements=p_89%3AEstee+Lauder&s=beauty-intl-ship&sr=1-224,4.0,2.9 out of 5 stars
,B00JXMH23E,Estee Lauder Modern Muse Mega Shower Gel,https://www.amazon.com/Estee-Lauder-Modern-Muse-Shower/dp/B00JXMH23E/ref=sr_1_225?qid=1556613121&refinements=p_89%3AEstee+Lauder&s=beauty-intl-ship&sr=1-225,7.0,4.7 out of 5 stars
$32.20,B01N5E27TA,Estee Lauder Pure Color Envy Shimmer Powder Blush - Pink Seduction,https://www.amazon.com/Estee-Lauder-Color-Shimmer-Powder/dp/B01N5E27TA/ref=sr_1_226?qid=1556613121&refinements=p_89%3AEstee+Lauder&s=beauty-intl-ship&sr=1-226,,
$59.99,B00P20RPDI,Estee Lauder Perfectionist CP+ R Wrinkle Lifitn Serum 7ml (0.24 oz) x 3 = 21ml (0.72 oz),https://www.amazon.com/Estee-Lauder-Perfectionist-Wrinkle-Lifitn/dp/B00P20RPDI/ref=sr_1_227?qid=1556613121&refinements=p_89%3AEstee+Lauder&s=beauty-intl-ship&sr=1-227,,
$82.93,B00EQB4SIE,Estee Lauder Re-nutriv Intensive Lifting Makeup Broad Spectrum 15 Pale Almond 02,https://www.amazon.com/Estee-Lauder-Re-nutriv-Intensive-Spectrum/dp/B00EQB4SIE/ref=sr_1_228?qid=1556613121&refinements=p_89%3AEstee+Lauder&s=beauty-intl-ship&sr=1-228,3.0,5.0 out of 5 stars
$21.99,B01BHUIIXM,Estee Lauder Perfectionist Youth-infusing Brightening Serum + Concealer 5n Deep (Neutral),https://www.amazon.com/Estee-Lauder-Perfectionist-Youth-infusing-Brightening/dp/B01BHUIIXM/ref=sr_1_229?qid=1556613121&refinements=p_89%3AEstee+Lauder&s=beauty-intl-ship&sr=1-229,,
$38.63,B002KIGYKA,,https://www.amazon.com/Lauder-Re-Nutriv-Intensive-Smoothing-Powder/dp/B002KIGYKA/ref=sr_1_230?qid=1556613121&refinements=p_89%3AEstee+Lauder&s=beauty-intl-ship&sr=1-230,1.0,5.0 out of 5 stars
$58.22,B00YP8X000,"Estee Lauder Micro Essence Infusion Mask, 6 Sheets",https://www.amazon.com/Estee-Lauder-Essence-Infusion-Sheets/dp/B00YP8X000/ref=sr_1_231?qid=1556613121&refinements=p_89%3AEstee+Lauder&s=beauty-intl-ship&sr=1-231,,
$43.72,B0013EF34U,Stress Relief Eye Mask by Estee Lauder for Unisex - 10 pads Eye Mask,https://www.amazon.com/Stress-Relief-Estee-Lauder-Unisex/dp/B0013EF34U/ref=sr_1_232?qid=1556613121&refinements=p_89%3AEstee+Lauder&s=beauty-intl-ship&sr=1-232,7.0,4.0 out of 5 stars
$27.90,B00JG7Y392,Estee Lauder Pure Color Envy Sculpting Lipstick - # 240 Tumultuous Pink 3.5g/0.12oz,https://www.amazon.com/Estee-Lauder-Color-Sculpting-Lipstick/dp/B00JG7Y392/ref=sr_1_233?qid=1556613121&refinements=p_89%3AEstee+Lauder&s=beauty-intl-ship&sr=1-233,5.0,4.7 out of 5 stars
$204.90,B00ADRNY7G,"Estee Lauder Re-Nutriv Intensive Age-Renewal Creme, 1.7 Ounce",https://www.amazon.com/Estee-Lauder-Re-Nutriv-Intensive-Age-Renewal/dp/B00ADRNY7G/ref=sr_1_234?qid=1556613121&refinements=p_89%3AEstee+Lauder&s=beauty-intl-ship&sr=1-234,4.0,3.6 out of 5 stars
$69.99,B06X3XLWQH,Estee Lauder Perfectionist Serum Compact Makeup SPF 15 (3n1 Ivory Beige),https://www.amazon.com/Estee-Lauder-Perfectionist-Compact-Makeup/dp/B06X3XLWQH/ref=sr_1_235?qid=1556613121&refinements=p_89%3AEstee+Lauder&s=beauty-intl-ship&sr=1-235,2.0,5.0 out of 5 stars
$38.47,B003BMI52Y,"Estee Lauder Double Wear Stay-in-place Makeup SPF 10, No. 4C2 Auburn, 1 Ounce",https://www.amazon.com/Estee-Lauder-Double-place-Makeup/dp/B003BMI52Y/ref=sr_1_236?qid=1556613121&refinements=p_89%3AEstee+Lauder&s=beauty-intl-ship&sr=1-236,,
$25.00,B07KGLLYH8,Estee Lauder Pure Color Envy Sculpting Gloss 410 Inspired Mauve 0.27 oz / 8 ml UB,https://www.amazon.com/Estee-Lauder-Color-Sculpting-Inspired/dp/B07KGLLYH8/ref=sr_1_237?qid=1556613121&refinements=p_89%3AEstee+Lauder&s=beauty-intl-ship&sr=1-237,,
$36.39,B00IBY2IS4,"Estee Lauder Double Wear Brush-on Glow Bb Highlighte, Light Medium, 0.07 Ounce",https://www.amazon.com/Estee-Lauder-Double-Brush-Highlighte/dp/B00IBY2IS4/ref=sr_1_238?qid=1556613121&refinements=p_89%3AEstee+Lauder&s=beauty-intl-ship&sr=1-238,3.0,5.0 out of 5 stars
$50.98,B01CXU1IL4,Estee Lauder Pure Color Envy Blush PINK KISS,https://www.amazon.com/Estee-Lauder-Pure-Color-Blush/dp/B01CXU1IL4/ref=sr_1_239?qid=1556613121&refinements=p_89%3AEstee+Lauder&s=beauty-intl-ship&sr=1-239,,
$16.99,B071FF9FGM,Pure Color Envy Sculpting Lipstick Power Grab,https://www.amazon.com/Pure-Color-Sculpting-Lipstick-Power/dp/B071FF9FGM/ref=sr_1_240?qid=1556613121&refinements=p_89%3AEstee+Lauder&s=beauty-intl-ship&sr=1-240,,
$74.00,B015F41H3O,Lot 2 x Estee Lauder Resilience Lift Night Face & Neck Creme 0.5 oz each,https://www.amazon.com/Estee-Lauder-Resilience-Night-Creme/dp/B015F41H3O/ref=sr_1_241?qid=1556613130&refinements=p_89%3AEstee+Lauder&s=beauty-intl-ship&sr=1-241,21.0,4.1 out of 5 stars
$54.12,B005U3GGOQ,Estee Lauder Eye Care 0.04 Oz Double Wear Stay In Place Eye Pencil - # 01 Onyx For Women,https://www.amazon.com/Estee-Lauder-Double-Place-Pencil/dp/B005U3GGOQ/ref=sr_1_242?qid=1556613130&refinements=p_89%3AEstee+Lauder&s=beauty-intl-ship&sr=1-242,1.0,5.0 out of 5 stars
$42.00,B071KBJJS6,Estee Lauder Bronze Goddess The Summer Look Makeup Palette,https://www.amazon.com/Estee-Lauder-Bronze-Goddess-Palette/dp/B071KBJJS6/ref=sr_1_243?qid=1556613130&refinements=p_89%3AEstee+Lauder&s=beauty-intl-ship&sr=1-243,,
$9.99,B00SG6ZPPU,Estee Lauder Lilly Pulitzer Floral Print Waterproof Cosmetic Bag,https://www.amazon.com/Estee-Lauder-Pulitzer-Waterproof-Cosmetic/dp/B00SG6ZPPU/ref=sr_1_244?qid=1556613130&refinements=p_89%3AEstee+Lauder&s=beauty-intl-ship&sr=1-244,12.0,3.3 out of 5 stars
$9.99,B00BQMIGTI,Estee Lauder Lilly Pulitzer Makeup Bag Spring 2013,https://www.amazon.com/Estee-Lauder-Pulitzer-Makeup-Spring/dp/B00BQMIGTI/ref=sr_1_245?qid=1556613130&refinements=p_89%3AEstee+Lauder&s=beauty-intl-ship&sr=1-245,63.0,3.9 out of 5 stars
$29.95,B00XPLMD42,"Estee Lauder Pure Color Envy Defining Wet/Dry Eyeshadow for Women, Quiet Power, 0.06 Ounce",https://www.amazon.com/Estee-Lauder-Color-Defining-Eyeshadow/dp/B00XPLMD42/ref=sr_1_246?qid=1556613130&refinements=p_89%3AEstee+Lauder&s=beauty-intl-ship&sr=1-246,5.0,5.0 out of 5 stars
$85.77,B00OKG7MKG,Estee Lauder/Perfectionist Youth-Infusing Makeup 4c3 Softan 1.0 Oz,https://www.amazon.com/Estee-Lauder-Perfectionist-Youth-Infusing-Makeup/dp/B00OKG7MKG/ref=sr_1_247?qid=1556613130&refinements=p_89%3AEstee+Lauder&s=beauty-intl-ship&sr=1-247,,
$39.99,B075D9LQKQ,Estee Lauder x Victoria Beckham Matte Lipstick in Victoria,https://www.amazon.com/Estee-Lauder-Victoria-Beckham-Lipstick/dp/B075D9LQKQ/ref=sr_1_248?qid=1556613130&refinements=p_89%3AEstee+Lauder&s=beauty-intl-ship&sr=1-248,1.0,4.0 out of 5 stars
$61.99,B00CBXU3AG,"Estee Lauder Bronze Goddess No. 03 Medium Deep Powder Bronzer for Women, 0.74 Ounce",https://www.amazon.com/Estee-Lauder-Bronze-Goddess-Bronzer/dp/B00CBXU3AG/ref=sr_1_249?qid=1556613130&refinements=p_89%3AEstee+Lauder&s=beauty-intl-ship&sr=1-249,4.0,3.9 out of 5 stars
$77.00,B013DV7MCQ,,https://www.amazon.com/Lauder-Perfectionist-Youth-Infusing-Makeup-Pebble/dp/B013DV7MCQ/ref=sr_1_250?qid=1556613130&refinements=p_89%3AEstee+Lauder&s=beauty-intl-ship&sr=1-250,,
$58.59,B0147TLTPO,"Estee Lauder Women's New Dimension Expert Liquid Tape Treatment, 0.50 Ounce",https://www.amazon.com/Estee-Lauder-Womens-Dimension-Treatment/dp/B0147TLTPO/ref=sr_1_251?qid=1556613130&refinements=p_89%3AEstee+Lauder&s=beauty-intl-ship&sr=1-251,26.0,2.8 out of 5 stars
$52.87,B0002DL086,Estee Lauder Estee Lauder Automatic Lip Pencil Duo - Terra,https://www.amazon.com/Estee-Lauder-Automatic-Lip-Pencil/dp/B0002DL086/ref=sr_1_252?qid=1556613130&refinements=p_89%3AEstee+Lauder&s=beauty-intl-ship&sr=1-252,2.0,5.0 out of 5 stars
$23.98,B00TXPCLGE,Estee Lauder Take It Away Makeup Remover Lotion 1 oz * 2 (Total 2 fl oz),https://www.amazon.com/Estee-Lauder-Makeup-Remover-Lotion/dp/B00TXPCLGE/ref=sr_1_253?qid=1556613130&refinements=p_89%3AEstee+Lauder&s=beauty-intl-ship&sr=1-253,11.0,4.1 out of 5 stars
$42.91,B078MV8SZP,Double Wear Maximum Cover Camouflage Makeup for Face and Body Broad Spectrum SPF 15/1.0 oz. 3w2 Cashew,https://www.amazon.com/Double-Maximum-Camouflage-Makeup-Spectrum/dp/B078MV8SZP/ref=sr_1_254?qid=1556613130&refinements=p_89%3AEstee+Lauder&s=beauty-intl-ship&sr=1-254,,
$26.47,B07JJRSRMT,"Estee Lauder Pure Color Envy Paint-on Liquid Matte Lip Color, 202 Snapped Up, 0.23 Ounce",https://www.amazon.com/Estee-Lauder-Paint-Liquid-Snapped/dp/B07JJRSRMT/ref=sr_1_255?qid=1556613130&refinements=p_89%3AEstee+Lauder&s=beauty-intl-ship&sr=1-255,,
$55.00,B0080FQJ8Y,Estee Lauder Re-Nutriv Intensive Age Spot Corrector - 30ml/1oz,https://www.amazon.com/Estee-Lauder-Re-Nutriv-Intensive-Corrector/dp/B0080FQJ8Y/ref=sr_1_256?qid=1556613130&refinements=p_89%3AEstee+Lauder&s=beauty-intl-ship&sr=1-256,,
$50.00,B00MDYVE5G,"Estee Lauder Pure Color Envy Sculpting Eye Shadow, Provocative Petal",https://www.amazon.com/Estee-Lauder-Sculpting-Shadow-Provocative/dp/B00MDYVE5G/ref=sr_1_257?qid=1556613130&refinements=p_89%3AEstee+Lauder&s=beauty-intl-ship&sr=1-257,3.0,2.8 out of 5 stars
$27.06,B00JG7Y0QS,"Estee Lauder Pure Color Envy Sculpting Lipstick, Vengeful Red, 0.12 Ounce",https://www.amazon.com/Estee-Lauder-Sculpting-Lipstick-Vengeful/dp/B00JG7Y0QS/ref=sr_1_258?qid=1556613130&refinements=p_89%3AEstee+Lauder&s=beauty-intl-ship&sr=1-258,5.0,4.2 out of 5 stars
$21.99,B072B9L2DV,"Estee Lauder Pure Color Love Lipstick, Proven Innocent, 0.12 Ounce",https://www.amazon.com/Estee-Lauder-Lipstick-Proven-Innocent/dp/B072B9L2DV/ref=sr_1_259?qid=1556613130&refinements=p_89%3AEstee+Lauder&s=beauty-intl-ship&sr=1-259,2.0,2.8 out of 5 stars
$44.40,B01BR12LPM,"Estee Lauder Pure Color Envy Sculpting Gloss - 430 Plum Jealousy, 0.1 Ounce",https://www.amazon.com/Est%C3%A9e-Lauder-Color-Sculpting-Jealousy/dp/B01BR12LPM/ref=sr_1_260?qid=1556613130&refinements=p_89%3AEstee+Lauder&s=beauty-intl-ship&sr=1-260,2.0,5.0 out of 5 stars
$60.99,B00DQL08WU,Estee Lauder Golden Alligator Slim Compact Lucidity Perfecting Pressed Powder 01 Translucent - 3.08 Gram /0.1 Ounce,https://www.amazon.com/Estee-Lauder-Alligator-Perfecting-Translucent/dp/B00DQL08WU/ref=sr_1_261?qid=1556613130&refinements=p_89%3AEstee+Lauder&s=beauty-intl-ship&sr=1-261,2.0,5.0 out of 5 stars
$89.13,B01N3RQEV8,Estee Lauder - Bronze Goddess - Whipped Body Creme - Limited Edition - 6.7 FL OZ / 200 ML by ESTEE LAUDER Srl,https://www.amazon.com/Estee-Lauder-Goddess-Whipped-Limited/dp/B01N3RQEV8/ref=sr_1_262?qid=1556613130&refinements=p_89%3AEstee+Lauder&s=beauty-intl-ship&sr=1-262,11.0,4.5 out of 5 stars
$38.99,B071CZGG5M,"Estee Lauder Nutritious Vitality8 Radiant Eye Jelly, 0.5 Ounce",https://www.amazon.com/Estee-Lauder-Nutritious-Vitality8-Radiant/dp/B071CZGG5M/ref=sr_1_263?qid=1556613130&refinements=p_89%3AEstee+Lauder&s=beauty-intl-ship&sr=1-263,2.0,2.6 out of 5 stars
$30.00,B00JG7Y1JY,"Estee Lauder Pure Color Envy Sculpting Lipstick, No. 220 Powerful, 0.12 Ounce",https://www.amazon.com/Estee-Lauder-Sculpting-Lipstick-Powerful/dp/B00JG7Y1JY/ref=sr_1_264?qid=1556613130&refinements=p_89%3AEstee+Lauder&s=beauty-intl-ship&sr=1-264,18.0,4.2 out of 5 stars
$77.79,B000JIIL86,Estee Lauder Pleasures Body Lotion,https://www.amazon.com/Estee-Lauder-Pleasures-Body-Lotion/dp/B000JIIL86/ref=sr_1_265?qid=1556613140&refinements=p_89%3AEstee+Lauder&s=beauty-intl-ship&sr=1-265,4.0,5.0 out of 5 stars
$151.33,B000WIEW8Q,ESTEE LAUDER by Estee Lauder Estee Lauder Re-Nutriv Light Weight Cream--/1.7OZ for Women,https://www.amazon.com/LAUDER-Estee-Lauder-Re-Nutriv-Cream/dp/B000WIEW8Q/ref=sr_1_266?qid=1556613140&refinements=p_89%3AEstee+Lauder&s=beauty-intl-ship&sr=1-266,5.0,4.3 out of 5 stars
$39.15,B074HFL87R,Estee Lauder Perfectionist Set and Highlight Powder Duo - 03 Medium,https://www.amazon.com/Estee-Lauder-Perfectionist-Highlight-Powder/dp/B074HFL87R/ref=sr_1_267?qid=1556613140&refinements=p_89%3AEstee+Lauder&s=beauty-intl-ship&sr=1-267,1.0,5.0 out of 5 stars
$32.00,B004DVKB7O,"Estee Lauder Pure Color Envy Sculpting Lipstick, Insolent Plum, 0.12 Ounce",https://www.amazon.com/Estee-Lauder-Sculpting-Lipstick-Insolent/dp/B004DVKB7O/ref=sr_1_268?qid=1556613140&refinements=p_89%3AEstee+Lauder&s=beauty-intl-ship&sr=1-268,,
$23.50,B0758JSFQB,Estee Lauder Nutritious Micro-Algae Pore Punfying Cleansing Bar 100g,https://www.amazon.com/Estee-Lauder-Nutritious-Micro-Algae-Cleansing/dp/B0758JSFQB/ref=sr_1_269?qid=1556613140&refinements=p_89%3AEstee+Lauder&s=beauty-intl-ship&sr=1-269,,
$35.89,B01AYBPPLI,"Estee Lauder Women's Nightwear Plus 3-Minute Detox Mask, 2.5 Ounce",https://www.amazon.com/Estee-Lauder-Womens-Nightwear-3-Minute/dp/B01AYBPPLI/ref=sr_1_270?qid=1556613140&refinements=p_89%3AEstee+Lauder&s=beauty-intl-ship&sr=1-270,2.0,4.6 out of 5 stars
$63.21,B00QZYLXWY,"Est?e Lauder Perfecting Loose Powder Light, 0.35oz, 10g",https://www.amazon.com/Lauder-Perfecting-Loose-Powder-0-35oz/dp/B00QZYLXWY/ref=sr_1_271?qid=1556613140&refinements=p_89%3AEstee+Lauder&s=beauty-intl-ship&sr=1-271,4.0,4.1 out of 5 stars
$18.90,B012JSKLGS,Estee Lauder Pure color deluxe 7 color Eyeshadow WILD TRUFFLE designed by Lisa Perry,https://www.amazon.com/Estee-Lauder-Eyeshadow-TRUFFLE-designed/dp/B012JSKLGS/ref=sr_1_272?qid=1556613140&refinements=p_89%3AEstee+Lauder&s=beauty-intl-ship&sr=1-272,,
$33.00,B01BHUFXB2,Estee Lauder Pefectionist Youth-Infusing Brightening Serum + Concealer 4N Medium Deep (Neutral) 0.16 oz,https://www.amazon.com/Estee-Lauder-Pefectionist-Youth-Infusing-Brightening/dp/B01BHUFXB2/ref=sr_1_273?qid=1556613140&refinements=p_89%3AEstee+Lauder&s=beauty-intl-ship&sr=1-273,2.0,5.0 out of 5 stars
,B00JEZJWRY,Estee Lauder Estee Lauder Automatic Brow Pencil Duo - Soft Brown,https://www.amazon.com/Estee-Lauder-Automatic-Brow-Pencil/dp/B00JEZJWRY/ref=sr_1_274?qid=1556613140&refinements=p_89%3AEstee+Lauder&s=beauty-intl-ship&sr=1-274,46.0,3.9 out of 5 stars
$35.38,B01MF6VT58,"Estee Lauder The Brow MultiTasker 3 in 1 (Brow Pencil, Powder and Brush) - # 03 Brunette 0.45g/0.018oz",https://www.amazon.com/Estee-Lauder-MultiTasker-Pencil-Powder/dp/B01MF6VT58/ref=sr_1_275?qid=1556613140&refinements=p_89%3AEstee+Lauder&s=beauty-intl-ship&sr=1-275,2.0,2.9 out of 5 stars
$41.79,B00MDYQMJY,"Estee Lauder Pure Color Envy Sculpting 5-Color Palette Eyeshadow, 10/Envious Orchid",https://www.amazon.com/Estee-Lauder-Sculpting-5-Color-Eyeshadow/dp/B00MDYQMJY/ref=sr_1_276?qid=1556613140&refinements=p_89%3AEstee+Lauder&s=beauty-intl-ship&sr=1-276,2.0,5.0 out of 5 stars
$39.50,B01IIGU1DS,Estee Lauder Double Wear Nude Cushion Stick Radiant Makeup (2N1 DESERT BEIGE),https://www.amazon.com/Estee-Lauder-Double-Cushion-Radiant/dp/B01IIGU1DS/ref=sr_1_277?qid=1556613140&refinements=p_89%3AEstee+Lauder&s=beauty-intl-ship&sr=1-277,5.0,3.9 out of 5 stars
$85.99,B00XLBS8BI,,https://www.amazon.com/Est%C3%A9e-Lauder-Beautiful-Perfumed-Powder/dp/B00XLBS8BI/ref=sr_1_278?qid=1556613140&refinements=p_89%3AEstee+Lauder&s=beauty-intl-ship&sr=1-278,2.0,5.0 out of 5 stars
$31.50,B071W6WFYM,Perfectionist Serum Compact Makeup 5W2 Rich Caramel,https://www.amazon.com/Perfectionist-Serum-Compact-Makeup-Caramel/dp/B071W6WFYM/ref=sr_1_279?qid=1556613140&refinements=p_89%3AEstee+Lauder&s=beauty-intl-ship&sr=1-279,,
$74.95,B07238RNRL,"Bronze Goddess Whipped Body Creme, 6.7 oz",https://www.amazon.com/Bronze-Goddess-Whipped-Body-Creme/dp/B07238RNRL/ref=sr_1_280?qid=1556613140&refinements=p_89%3AEstee+Lauder&s=beauty-intl-ship&sr=1-280,1.0,1.0 out of 5 stars
,B01MTDYC0N,,https://www.amazon.com/Estee-Lauder-Illuminator-Perfecting-Finisher/dp/B01MTDYC0N/ref=sr_1_281?qid=1556613140&refinements=p_89%3AEstee+Lauder&s=beauty-intl-ship&sr=1-281,2.0,3.5 out of 5 stars
$255.21,B00PIOO950,"Estee Lauder Women's Re-Nutriv Ultimate Diamond Sculpting/Refinishing Dual Infusion Treatment, 0.85 Ounce",https://www.amazon.com/Estee-Lauder-Re-Nutriv-Sculpting-Refinishing/dp/B00PIOO950/ref=sr_1_282?qid=1556613140&refinements=p_89%3AEstee+Lauder&s=beauty-intl-ship&sr=1-282,2.0,2.1 out of 5 stars
$31.59,B01M69X7F2,Estee Lauder Magic Smoky Powder Shadow Stick 02 Indigo Smoke,https://www.amazon.com/Estee-Lauder-Powder-Shadow-Indigo/dp/B01M69X7F2/ref=sr_1_283?qid=1556613140&refinements=p_89%3AEstee+Lauder&s=beauty-intl-ship&sr=1-283,,
,B00JNX3EYO,"Estee Lauder Double Wear Stay-In-Place Lip Pencil for Women, 17 Mauve, 0.04 Ounce",https://www.amazon.com/Estee-Lauder-Double-Place-Pencil/dp/B00JNX3EYO/ref=sr_1_284?qid=1556613140&refinements=p_89%3AEstee+Lauder&s=beauty-intl-ship&sr=1-284,1.0,5.0 out of 5 stars
,B00412I3N4,Estee Lauder Estee Lauder Double Wear Stay-In-Place Eyeshadow Base,https://www.amazon.com/Estee-Lauder-Double-Place-Eyeshadow/dp/B00412I3N4/ref=sr_1_285?qid=1556613140&refinements=p_89%3AEstee+Lauder&s=beauty-intl-ship&sr=1-285,10.0,4.4 out of 5 stars
$14.98,B07BKRCVDP,Estee Lauder Bronze Goddess No. 01 Light Travel Size .12oz/3.5g,https://www.amazon.com/Estee-Lauder-Bronze-Goddess-Travel/dp/B07BKRCVDP/ref=sr_1_286?qid=1556613140&refinements=p_89%3AEstee+Lauder&s=beauty-intl-ship&sr=1-286,1.0,5.0 out of 5 stars
$29.40,B01MYZSCBM,Estee Lauder Brow Now All-In-One Brow Kit - 03 Dark Brunette 3g,https://www.amazon.com/Estee-Lauder-Brow-All-One/dp/B01MYZSCBM/ref=sr_1_287?qid=1556613140&refinements=p_89%3AEstee+Lauder&s=beauty-intl-ship&sr=1-287,2.0,5.0 out of 5 stars
$65.90,B01MCTTKRK,Estee Lauder Travel Essentials Makeup Brush Set 5 Pc,https://www.amazon.com/Estee-Lauder-Travel-Essentials-Makeup/dp/B01MCTTKRK/ref=sr_1_288?qid=1556613140&refinements=p_89%3AEstee+Lauder&s=beauty-intl-ship&sr=1-288,,
$75.35,B01JMDSZWK,Estee Lauder Nutritious Vitality8 Radiant Energy Lotion Fresh Moist 200ml/6.7oz,https://www.amazon.com/Estee-Lauder-Nutritious-Vitality8-Radiant/dp/B01JMDSZWK/ref=sr_1_290?qid=1556613150&refinements=p_89%3AEstee+Lauder&s=beauty-intl-ship&sr=1-290,,
$87.24,B0077TQILC,"Estee Lauder Re-Nutriv Ultimate Lift Age-Correcting Mask, 2.5 Ounce",https://www.amazon.com/Estee-Lauder-Re-Nutriv-Ultimate-Age-Correcting/dp/B0077TQILC/ref=sr_1_291?qid=1556613150&refinements=p_89%3AEstee+Lauder&s=beauty-intl-ship&sr=1-291,,
$34.00,B01KYRZYL8,"Estee Lauder Pure Color Envy Lipstick Rouge Number 220, Powerful 3.5 g by Estee Lauder",https://www.amazon.com/Estee-Lauder-Lipstick-Number-Powerful/dp/B01KYRZYL8/ref=sr_1_292?qid=1556613150&refinements=p_89%3AEstee+Lauder&s=beauty-intl-ship&sr=1-292,,
$13.98,B004YGWE00,Gentle Eye Makeup Remover 1.7 oz.,https://www.amazon.com/Gentle-Eye-Makeup-Remover-1-7/dp/B004YGWE00/ref=sr_1_293?qid=1556613150&refinements=p_89%3AEstee+Lauder&s=beauty-intl-ship&sr=1-293,7.0,3.5 out of 5 stars
$22.98,B0052VKGTC,,https://www.amazon.com/Lauder-Signature-Powder-Deluxe-Travel/dp/B0052VKGTC/ref=sr_1_294?qid=1556613150&refinements=p_89%3AEstee+Lauder&s=beauty-intl-ship&sr=1-294,,
$39.95,B015RCN0SY,Estee Lauder Pure Color Envy Matte Sculpting Lipstick 130 Desirous,https://www.amazon.com/Estee-Lauder-Sculpting-Lipstick-Desirous/dp/B015RCN0SY/ref=sr_1_295?qid=1556613150&refinements=p_89%3AEstee+Lauder&s=beauty-intl-ship&sr=1-295,,
$34.53,B00BCX2CUU,,https://www.amazon.com/Lauder-Double-Place-Powder-Makeup/dp/B00BCX2CUU/ref=sr_1_296?qid=1556613150&refinements=p_89%3AEstee+Lauder&s=beauty-intl-ship&sr=1-296,,
$24.98,B07KSP7TDH,"Estee Lauder Pure Color Envy Sculpting Lipstick, No.250 Red Ego 0.12 oz / 3.5g",https://www.amazon.com/Estee-Lauder-Sculpting-Lipstick-No-250/dp/B07KSP7TDH/ref=sr_1_297?qid=1556613150&refinements=p_89%3AEstee+Lauder&s=beauty-intl-ship&sr=1-297,,
$17.98,B01KWSD7YU,Estee Lauder Pure Color Envy Sculpting Gloss - 240 Passionate Fuchsia 4.6ml/0.16oz,https://www.amazon.com/Estee-Lauder-Color-Sculpting-Gloss/dp/B01KWSD7YU/ref=sr_1_298?qid=1556613150&refinements=p_89%3AEstee+Lauder&s=beauty-intl-ship&sr=1-298,6.0,3.3 out of 5 stars
$44.99,B01M7Z3TR2,ESTEE LAUDER Estee Lauder Automatic Lip Pencil Duo Refill 15 Terra,https://www.amazon.com/LAUDER-Estee-Lauder-Automatic-Pencil/dp/B01M7Z3TR2/ref=sr_1_299?qid=1556613150&refinements=p_89%3AEstee+Lauder&s=beauty-intl-ship&sr=1-299,,
$84.26,B00P4L28LO,"Estee Lauder Re-Nutriv SPF 15 No. 4N1 Shell Beige Ultra Radiance Makeup for Women, 1 Ounce",https://www.amazon.com/Estee-Lauder-Re-Nutriv-Radiance-Makeup/dp/B00P4L28LO/ref=sr_1_300?qid=1556613150&refinements=p_89%3AEstee+Lauder&s=beauty-intl-ship&sr=1-300,3.0,3.6 out of 5 stars
$23.68,B01BR12LNY,"Estee Lauder Women's Pure Color Envy Sculpting Gloss, Discreet Nude, 0.1 Ounce",https://www.amazon.com/Estee-Lauder-Womens-Sculpting-Discreet/dp/B01BR12LNY/ref=sr_1_301?qid=1556613150&refinements=p_89%3AEstee+Lauder&s=beauty-intl-ship&sr=1-301,5.0,4.0 out of 5 stars
$47.50,B00XWMAPEE,Estee Lauder Double Matte Oil-control Pressed Powder .49oz/ 14g Medium Deep #04,https://www.amazon.com/Estee-Lauder-Double-Oil-control-Pressed/dp/B00XWMAPEE/ref=sr_1_302?qid=1556613150&refinements=p_89%3AEstee+Lauder&s=beauty-intl-ship&sr=1-302,,
$26.97,B01N5CQRKC,"Estee Lauder The Brow Multi-tasker 3-in-1 Black for Women Eyebrow Pencil, No.05, 0.008 Ounce",https://www.amazon.com/Estee-Lauder-Multi-tasker-Eyebrow-Pencil/dp/B01N5CQRKC/ref=sr_1_303?qid=1556613150&refinements=p_89%3AEstee+Lauder&s=beauty-intl-ship&sr=1-303,1.0,4.0 out of 5 stars
$30.00,B00U93YB7G,"Estee Lauder Women's Pure Color Envy Shine Sculpting Lipstick, 350 Empowered, 0.1 Ounce",https://www.amazon.com/Estee-Lauder-Sculpting-Lipstick-Empowered/dp/B00U93YB7G/ref=sr_1_304?qid=1556613150&refinements=p_89%3AEstee+Lauder&s=beauty-intl-ship&sr=1-304,8.0,4.1 out of 5 stars
$25.00,B074HJ2ZL5,Estee Lauder Perfectionist Set and Highlight Powder Duo - 01 Translucent/light,https://www.amazon.com/Estee-Lauder-Perfectionist-Highlight-Powder/dp/B074HJ2ZL5/ref=sr_1_305?qid=1556613150&refinements=p_89%3AEstee+Lauder&s=beauty-intl-ship&sr=1-305,,
$52.94,B00MDYWPKO,Estee Lauder Pure Color Envy Sculpting No. 8 Infamous Sky 5-Color Eyeshadow Palette for Women,https://www.amazon.com/Estee-Lauder-Sculpting-Infamous-Eyeshadow/dp/B00MDYWPKO/ref=sr_1_306?qid=1556613150&refinements=p_89%3AEstee+Lauder&s=beauty-intl-ship&sr=1-306,,
$66.98,B00GW7PRVW,Estee Lauder Double Wear Maximum Cover Camouflage Makeup Spf 15 - # 3c4 Medium/deep Foundation For Women 1 oz,https://www.amazon.com/Estee-Lauder-Double-Maximum-Camouflage/dp/B00GW7PRVW/ref=sr_1_307?qid=1556613150&refinements=p_89%3AEstee+Lauder&s=beauty-intl-ship&sr=1-307,,
$51.64,B00MDZ1SOM,"Estee Lauder Pure Color Envy Sculpting Eyeshadow 5-Color Palette, No. 02 Ivory Power",https://www.amazon.com/Estee-Lauder-Sculpting-Eyeshadow-5-Color/dp/B00MDZ1SOM/ref=sr_1_308?qid=1556613150&refinements=p_89%3AEstee+Lauder&s=beauty-intl-ship&sr=1-308,1.0,5.0 out of 5 stars
$42.00,B00G4JLICK,"Estee Lauder/Double Wear Light Stay-In-Place MakeUp Intensity 6.5, (1.0 ounce)",https://www.amazon.com/Estee-Lauder-Double-Place-Intensity/dp/B00G4JLICK/ref=sr_1_309?qid=1556613150&refinements=p_89%3AEstee+Lauder&s=beauty-intl-ship&sr=1-309,1.0,1.0 out of 5 stars
$39.98,B01LDS9HZG,Estee Lauder Revitalizing Supreme+ Global Anti Aging Face & Eye Creme,https://www.amazon.com/Estee-Lauder-Revitalizing-Supreme-Global/dp/B01LDS9HZG/ref=sr_1_310?qid=1556613150&refinements=p_89%3AEstee+Lauder&s=beauty-intl-ship&sr=1-310,,
$25.24,B00JG7YAG8,"Estee Lauder Pure Color Envy Sculpting Lipstick, Decadent, 0.12 Ounce",https://www.amazon.com/Estee-Lauder-Sculpting-Lipstick-Decadent/dp/B00JG7YAG8/ref=sr_1_311?qid=1556613150&refinements=p_89%3AEstee+Lauder&s=beauty-intl-ship&sr=1-311,5.0,3.6 out of 5 stars
$7.98,B015Q28XDM,"Estee Lauder New Dimension Shape plus Sculpt Face Kit, 0.28 Ounce",https://www.amazon.com/Estee-Lauder-Dimension-Shape-Sculpt/dp/B015Q28XDM/ref=sr_1_312?qid=1556613150&refinements=p_89%3AEstee+Lauder&s=beauty-intl-ship&sr=1-312,1.0,5.0 out of 5 stars
$6.95,B07L391SB9,Estee Lauder Bronze Goddess Powder Bronzer - 02 Medium 0.12 oz UB,https://www.amazon.com/Estee-Lauder-Bronze-Goddess-Bronzer/dp/B07L391SB9/ref=sr_1_313?qid=1556613154&refinements=p_89%3AEstee+Lauder&s=beauty-intl-ship&sr=1-313,,
$55.17,B002927MA8,"Estee Lauder Automatic Lip Pencil Duo Lipliner, 05 Cafe Rose",https://www.amazon.com/Estee-Lauder-Automatic-Pencil-Lipliner/dp/B002927MA8/ref=sr_1_314?qid=1556613154&refinements=p_89%3AEstee+Lauder&s=beauty-intl-ship&sr=1-314,1.0,5.0 out of 5 stars
$55.02,B003U4LR3M,Double Wear Stay In Place Lip Pencil - # 04 Rose - Estee Lauder - Lip Liner - Double Wear Stay In Place Lip Pencil - 1.2g/0.04oz,https://www.amazon.com/Double-Wear-Stay-Place-Pencil/dp/B003U4LR3M/ref=sr_1_315?qid=1556613154&refinements=p_89%3AEstee+Lauder&s=beauty-intl-ship&sr=1-315,2.0,3.2 out of 5 stars
$46.07,B00JRRRAVO,Double Wear Stay In Place Makeup No. 3C3 SANDBAR,https://www.amazon.com/Double-Wear-Stay-Place-Makeup/dp/B00JRRRAVO/ref=sr_1_316?qid=1556613154&refinements=p_89%3AEstee+Lauder&s=beauty-intl-ship&sr=1-316,3.0,5.0 out of 5 stars
$6.98,B0763B727Z,Estee Lauder Black Compact Mirror,https://www.amazon.com/Estee-Lauder-Black-Compact-Mirror/dp/B0763B727Z/ref=sr_1_317?qid=1556613154&refinements=p_89%3AEstee+Lauder&s=beauty-intl-ship&sr=1-317,,
$21.89,B014N5Q7SG,"Estee Lauder Pure Color Envy Liquid Lip Potion Bitter Sweet for Women, No.130, 0.24 Ounce",https://www.amazon.com/Estee-Lauder-Liquid-Potion-Bitter/dp/B014N5Q7SG/ref=sr_1_318?qid=1556613154&refinements=p_89%3AEstee+Lauder&s=beauty-intl-ship&sr=1-318,1.0,5.0 out of 5 stars
$9.98,B073WZSPSK,Estee Lauder Advanced Night Micro Cleansing Balm Travel Size 0.22oz / 7ml,https://www.amazon.com/Estee-Lauder-Advanced-Cleansing-Travel/dp/B073WZSPSK/ref=sr_1_319?qid=1556613154&refinements=p_89%3AEstee+Lauder&s=beauty-intl-ship&sr=1-319,,
,B00OJGGFFA,"Estee Lauder Women's Revitalizing Supreme Global Anti-Aging Boost Mask, All Skin Types, 2.5 Ounce",https://www.amazon.com/Estee-Lauder-Revitalizing-Supreme-Anti-Aging/dp/B00OJGGFFA/ref=sr_1_320?qid=1556613154&refinements=p_89%3AEstee+Lauder&s=beauty-intl-ship&sr=1-320,3.0,4.8 out of 5 stars
$26.99,B074HG2HL1,Estee Lauder Perfectionist Set and Highlight Powder Duo - 05 Deep,https://www.amazon.com/Estee-Lauder-Perfectionist-Highlight-Powder/dp/B074HG2HL1/ref=sr_1_321?qid=1556613154&refinements=p_89%3AEstee+Lauder&s=beauty-intl-ship&sr=1-321,,
,B0006SESFE,"Estee Lauder Lucidity Translucent Normal/Combination and Dry Skin Pressed Powder, No.01 Light, 0.4 Ounce",https://www.amazon.com/Estee-Lauder-Lucidity-Translucent-Combination/dp/B0006SESFE/ref=sr_1_322?qid=1556613154&refinements=p_89%3AEstee+Lauder&s=beauty-intl-ship&sr=1-322,3.0,5.0 out of 5 stars
$59.97,B00UAS1RDQ,Estee Lauder 855-YH3003 Re Nutriv Ultra Radiance Anti Dark Shadows 13 G,https://www.amazon.com/Estee-Lauder-Re-Nutriv-Concealer-Smoothing/dp/B00UAS1RDQ/ref=sr_1_323?qid=1556613154&refinements=p_89%3AEstee+Lauder&s=beauty-intl-ship&sr=1-323,1.0,5.0 out of 5 stars
$24.00,B01DQGUKEU,Estee Lauder Pure Color Envy Sculpting Lipstick - # 450 Insolent Plum 3.5g/0.12oz For Women -100% AUTHENTIC,https://www.amazon.com/Estee-Lauder-Color-Sculpting-Lipstick/dp/B01DQGUKEU/ref=sr_1_324?qid=1556613154&refinements=p_89%3AEstee+Lauder&s=beauty-intl-ship&sr=1-324,,
$32.99,B00PAXCPGO,Estee Lauder Double Wear Stay In Place Lip Pencil - # 09 Mocha 1.2g/0.04oz,https://www.amazon.com/Estee-Lauder-Double-Place-Pencil/dp/B00PAXCPGO/ref=sr_1_325?qid=1556613154&refinements=p_89%3AEstee+Lauder&s=beauty-intl-ship&sr=1-325,1.0,5.0 out of 5 stars
$19.98,B015R9X6K4,ESTEE LAUDER Pure Color Envy Sculpting Lipstick-#220 Unatainablle,https://www.amazon.com/ESTEE-LAUDER-Sculpting-Lipstick-Unatainablle/dp/B015R9X6K4/ref=sr_1_326?qid=1556613154&refinements=p_89%3AEstee+Lauder&s=beauty-intl-ship&sr=1-326,,
$45.00,B015CVK2UE,"Estee Lauder Women's Double Wear Makeup To Go Liquid Compact, 4N1 Naive, 0.40 Ounce",https://www.amazon.com/Estee-Lauder-Womens-Double-Compact/dp/B015CVK2UE/ref=sr_1_327?qid=1556613154&refinements=p_89%3AEstee+Lauder&s=beauty-intl-ship&sr=1-327,1.0,5.0 out of 5 stars
$36.95,B01GLCSHUA,Estee Lauder Genune Glow Blushing Creme For Lips And Cheeks - Sweet Cheeks,https://www.amazon.com/Estee-Lauder-Genune-Blushing-Cheeks/dp/B01GLCSHUA/ref=sr_1_328?qid=1556613154&refinements=p_89%3AEstee+Lauder&s=beauty-intl-ship&sr=1-328,,
$32.26,B00OKG2M42,"Estee Lauder Perfectionist Youth-Infusing Makeup Spf 25, 1 Ounce",https://www.amazon.com/Estee-Lauder-Perfectionist-Youth-Infusing-Makeup/dp/B00OKG2M42/ref=sr_1_329?qid=1556613154&refinements=p_89%3AEstee+Lauder&s=beauty-intl-ship&sr=1-329,1.0,1.0 out of 5 stars
$29.00,B01GPY68DW,ESTEE LAUDER GENUINE GLOW PRIMING MOISTURE EYE BALM,https://www.amazon.com/ESTEE-LAUDER-GENUINE-PRIMING-MOISTURE/dp/B01GPY68DW/ref=sr_1_330?qid=1556613154&refinements=p_89%3AEstee+Lauder&s=beauty-intl-ship&sr=1-330,,
$87.63,B013DVLBOQ,,https://www.amazon.com/Lauder-Perfectionist-Youth-Infusing-Makeup-Desert/dp/B013DVLBOQ/ref=sr_1_331?qid=1556613154&refinements=p_89%3AEstee+Lauder&s=beauty-intl-ship&sr=1-331,1.0,5.0 out of 5 stars
$42.00,B071G84FVX,"Estee Lauder Double Wear Nude Water Fresh Makeup Spf 30, 2c2 Pale Almond, 1 Ounce",https://www.amazon.com/ESTEE-LAUDER-DOUBLE-MAKEUP-ALMOND/dp/B071G84FVX/ref=sr_1_332?qid=1556613154&refinements=p_89%3AEstee+Lauder&s=beauty-intl-ship&sr=1-332,,
$26.00,B01BVV5JLG,"Estee Lauder Pure Color Envy Sculpting Lacquer, Orchid Intrigue, 0.1 Ounce",https://www.amazon.com/Estee-Lauder-Sculpting-Lacquer-Intrigue/dp/B01BVV5JLG/ref=sr_1_333?qid=1556613154&refinements=p_89%3AEstee+Lauder&s=beauty-intl-ship&sr=1-333,,
$61.74,B07665LMKR,"Estee Lauder Advanced Night Repair Masks for Women, 4 Count",https://www.amazon.com/Estee-Lauder-Advanced-Night-Repair/dp/B07665LMKR/ref=sr_1_334?qid=1556613154&refinements=p_89%3AEstee+Lauder&s=beauty-intl-ship&sr=1-334,,
$23.98,B0075QGT5W,Estee Lauder Perfectly Clean Splash Away Foaming Cleanser 1 oz x 2 = 2 oz/ 60 ml,https://www.amazon.com/Estee-Lauder-Perfectly-Foaming-Cleanser/dp/B0075QGT5W/ref=sr_1_335?qid=1556613154&refinements=p_89%3AEstee+Lauder&s=beauty-intl-ship&sr=1-335,7.0,3.9 out of 5 stars
$7.99,B00O1QF85Q,,https://www.amazon.com/Est%C3%A9e-Lauder-Double-Brush-Highlighter/dp/B00O1QF85Q/ref=sr_1_336?qid=1556613154&refinements=p_89%3AEstee+Lauder&s=beauty-intl-ship&sr=1-336,,
$49.00,B01NCY0E1P,Estee Lauder Prime + Define Travel Exclusive 2 Piece Gift Set,https://www.amazon.com/Estee-Lauder-Define-Travel-Exclusive/dp/B01NCY0E1P/ref=sr_1_361?qid=1556613165&refinements=p_89%3AEstee+Lauder&s=beauty-intl-ship&sr=1-361,,
$24.99,B07MBDNFDL,Estee Lauder 3 Pc. Meet Your Match Makeup Set,https://www.amazon.com/Estee-Lauder-Meet-Match-Makeup/dp/B07MBDNFDL/ref=sr_1_362?qid=1556613165&refinements=p_89%3AEstee+Lauder&s=beauty-intl-ship&sr=1-362,,
,B074HGZRJM,Estee Lauder Perfectionist Set and Highlight Powder Duo - 04 Medium Deep,https://www.amazon.com/Estee-Lauder-Perfectionist-Highlight-Powder/dp/B074HGZRJM/ref=sr_1_363?qid=1556613165&refinements=p_89%3AEstee+Lauder&s=beauty-intl-ship&sr=1-363,,
$35.92,B015R4JUYA,"Estee Lauder New Dimension Shape + Sculpt Eye Kit, 0.1 Ounce",https://www.amazon.com/Estee-Lauder-Dimension-Shape-Sculpt/dp/B015R4JUYA/ref=sr_1_364?qid=1556613165&refinements=p_89%3AEstee+Lauder&s=beauty-intl-ship&sr=1-364,1.0,5.0 out of 5 stars
,B00HARUTWK,Estee Lauder Limited Edition Hair Brush - Brown Molasses Color,https://www.amazon.com/Estee-Lauder-Limited-Hair-Brush/dp/B00HARUTWK/ref=sr_1_365?qid=1556613165&refinements=p_89%3AEstee+Lauder&s=beauty-intl-ship&sr=1-365,8.0,3.8 out of 5 stars
$11.95,B079DDG6Q6,the Estee Edit Flash Photo Travel Kit: Photo Gloss + Powder Compact,https://www.amazon.com/Estee-Edit-Flash-Photo-Travel/dp/B079DDG6Q6/ref=sr_1_366?qid=1556613165&refinements=p_89%3AEstee+Lauder&s=beauty-intl-ship&sr=1-366,,
$53.61,B00BCXCZRA,Estee Lauder/Double Wear Stay-In-Place Powder Makeup 4C3 Softan .42 Oz,https://www.amazon.com/Estee-Lauder-Double-Place-Powder/dp/B00BCXCZRA/ref=sr_1_367?qid=1556613165&refinements=p_89%3AEstee+Lauder&s=beauty-intl-ship&sr=1-367,2.0,4.7 out of 5 stars
$46.66,B00KJCOCYY,"Estee Lauder Sumptuous Extreme Mascara Set for Women, 0.03 Ounce",https://www.amazon.com/Estee-Lauder-Sumptuous-Extreme-Mascara/dp/B00KJCOCYY/ref=sr_1_368?qid=1556613165&refinements=p_89%3AEstee+Lauder&s=beauty-intl-ship&sr=1-368,,
$52.00,B00CBM7PRG,Estee Lauder Nutritious Radiant Vitality 2 Step Treatment 80ml,https://www.amazon.com/Estee-Lauder-Nutritious-Vitality-Treatment/dp/B00CBM7PRG/ref=sr_1_369?qid=1556613165&refinements=p_89%3AEstee+Lauder&s=beauty-intl-ship&sr=1-369,6.0,3.9 out of 5 stars
$28.36,B00PWH0SN0,"Estee Lauder Pure Color Envy Sculpting lipstick 390 Daring, 0.24 Ounce",https://www.amazon.com/Estee-Lauder-Sculpting-lipstick-Daring/dp/B00PWH0SN0/ref=sr_1_370?qid=1556613165&refinements=p_89%3AEstee+Lauder&s=beauty-intl-ship&sr=1-370,2.0,5.0 out of 5 stars
$42.46,B00122F1V8,Estee Lauder Double Wear Stay In Place Concealer SPF10 - No. 05 Deep - 7ml/0.24oz,https://www.amazon.com/Estee-Lauder-Double-Place-Concealer/dp/B00122F1V8/ref=sr_1_371?qid=1556613165&refinements=p_89%3AEstee+Lauder&s=beauty-intl-ship&sr=1-371,2.0,5.0 out of 5 stars
$75.99,B071LQZYLJ,Estee Lauder Nutritious Micro-Algae Pore Minimizing Hydra Lotion 3.4 oz / 100 ml,https://www.amazon.com/Estee-Lauder-Nutritious-Micro-Algae-Minimizing/dp/B071LQZYLJ/ref=sr_1_372?qid=1556613165&refinements=p_89%3AEstee+Lauder&s=beauty-intl-ship&sr=1-372,,
$50.65,B00NIQKEFY,"Estee Lauder Perfectionist Youth-Infusing Makeup Spf 25, Amber Honey, 1 Ounce",https://www.amazon.com/Estee-Lauder-Perfectionist-Youth-Infusing-Makeup/dp/B00NIQKEFY/ref=sr_1_373?qid=1556613165&refinements=p_89%3AEstee+Lauder&s=beauty-intl-ship&sr=1-373,4.0,3.7 out of 5 stars
$23.53,B015RCOK74,"Estee Lauder Pure Color Envy Liquid Lip Potion for Women, No.220 Pierced Petal, 0.24 Ounce",https://www.amazon.com/Estee-Lauder-Liquid-Potion-Pierced/dp/B015RCOK74/ref=sr_1_374?qid=1556613165&refinements=p_89%3AEstee+Lauder&s=beauty-intl-ship&sr=1-374,,
$21.99,B015R9MLUU,Pure Color Envy Matte Sculpting Lipstick by Estee Lauder 09 Decisive Poppy 3.5g,https://www.amazon.com/Sculpting-Lipstick-Estee-Lauder-Decisive/dp/B015R9MLUU/ref=sr_1_375?qid=1556613165&refinements=p_89%3AEstee+Lauder&s=beauty-intl-ship&sr=1-375,,
,B0047DRG2G,ESTEE LAUDER by Estee Lauder night care; Re-Nutriv Cream--500ml/16.7oz; 05550480601,https://www.amazon.com/Estee-Lauder-Re-Nutriv-Cream-500ml-05550480601/dp/B0047DRG2G/ref=sr_1_376?qid=1556613165&refinements=p_89%3AEstee+Lauder&s=beauty-intl-ship&sr=1-376,1.0,4.0 out of 5 stars
$132.98,B01N9CXNE3,"Estee Lauder Blockbuster Holiday Make Up By Estee Lauder for Women - 9 Pc Set, 9 Count",https://www.amazon.com/Estee-Lauder-Blockbuster-Holiday-Women/dp/B01N9CXNE3/ref=sr_1_377?qid=1556613165&refinements=p_89%3AEstee+Lauder&s=beauty-intl-ship&sr=1-377,,
$54.00,B00MDZ03RU,Estee Lauder Pure Color Envy Sculpting 5-Color Palette Currant Desire Eyeshadow,https://www.amazon.com/Estee-Lauder-Sculpting-5-Color-Eyeshadow/dp/B00MDZ03RU/ref=sr_1_378?qid=1556613165&refinements=p_89%3AEstee+Lauder&s=beauty-intl-ship&sr=1-378,1.0,5.0 out of 5 stars
$129.95,B015RIVP1M,Estee Lauder Re-Nutriv Ultimate Lift Restorative Balm 24g/0.84oz,https://www.amazon.com/Estee-Lauder-Re-Nutriv-Ultimate-Restorative/dp/B015RIVP1M/ref=sr_1_379?qid=1556613165&refinements=p_89%3AEstee+Lauder&s=beauty-intl-ship&sr=1-379,1.0,1.0 out of 5 stars
$204.98,B007HCI93O,Estee Lauder Re-Nutriv Re-Creation Eye Balm Plus Night Serum for Unisex,https://www.amazon.com/Estee-Lauder-Re-Nutriv-Re-Creation-Unisex/dp/B007HCI93O/ref=sr_1_380?qid=1556613165&refinements=p_89%3AEstee+Lauder&s=beauty-intl-ship&sr=1-380,,
$39.02,B002PQWTMO,Estee Lauder Stay-In-Place Lip Pencil - Red,https://www.amazon.com/Estee-Lauder-Stay-Place-Pencil/dp/B002PQWTMO/ref=sr_1_381?qid=1556613165&refinements=p_89%3AEstee+Lauder&s=beauty-intl-ship&sr=1-381,2.0,5.0 out of 5 stars
$55.99,B00OKMR6BK,"Estee Lauder Double Wear All Day Glow BB Moisture Makeup SPF 30, Intensity 5.0",https://www.amazon.com/Estee-Lauder-Double-Moisture-Intensity/dp/B00OKMR6BK/ref=sr_1_382?qid=1556613165&refinements=p_89%3AEstee+Lauder&s=beauty-intl-ship&sr=1-382,,
$80.23,B073J4Z5CB,"Estee Lauder Re-Nutriv Ultra Radiance Makeup SPF 15, 2C2 Pale Almond, 1 Ounce",https://www.amazon.com/Estee-Lauder-Re-Nutriv-Radiance-Makeup/dp/B073J4Z5CB/ref=sr_1_383?qid=1556613165&refinements=p_89%3AEstee+Lauder&s=beauty-intl-ship&sr=1-383,,
$69.99,B015UVK40E,Estee Lauder - Double Wear Stay-In-Place Powder Makeup SPF 10 - # C0 Sandalwood (6W1) (0.42 oz.) 1 pcs sku# 1900738MA,https://www.amazon.com/Estee-Lauder-Stay-Place-Sandalwood/dp/B015UVK40E/ref=sr_1_384?qid=1556613165&refinements=p_89%3AEstee+Lauder&s=beauty-intl-ship&sr=1-384,1.0,5.0 out of 5 stars
